cloneid,parent1,parent2,cross,location,block,height8,dia8,fork
18,14,16,J,Hill,2,35.9,7,0
18,14,16,J,Hill,4,38.3,6.6,0
18,14,16,J,Hill,6,27.7,5.85,0
18,14,16,J,Hill,8,37,6.4,0
18,14,16,J,Orchard,2,35.7,5.4,0
18,14,16,J,Orchard,3,37.1,6.05,0
18,14,16,J,Orchard,4,31,5.2,0
18,14,16,J,Orchard,5,38.1,9.05,0
19,14,16,J,Hill,2,27.8,4.05,0
19,14,16,J,Hill,3,40.3,6.15,0
19,14,16,J,Hill,5,28.5,5.3,0
19,14,16,J,Hill,7,27.2,4.2,0
19,14,16,J,Orchard,1,35.3,5.3,0
19,14,16,J,Orchard,2,23,3.05,0
19,14,16,J,Orchard,6,31.1,4.1,1
19,14,16,J,Orchard,7,26.8,3.15,0
19,14,16,J,Orchard,8,33.1,5.05,0
19,14,16,J,Rail,4,34.3,5.15,0
20,14,16,J,Hill,1,33.7,6.05,0
20,14,16,J,Hill,2,33.7,7.1,0
20,14,16,J,Hill,3,32.7,5.15,0
20,14,16,J,Hill,4,35.7,6.8,0
20,14,16,J,Hill,5,37.6,6.25,0
20,14,16,J,Hill,6,37.3,5,0
20,14,16,J,Hill,7,32.1,5.3,0
20,14,16,J,Hill,8,34,5.65,0
20,14,16,J,Orchard,1,37.8,5,0
20,14,16,J,Orchard,2,37.6,5.8,0
20,14,16,J,Orchard,3,36.3,5.2,0
20,14,16,J,Orchard,4,32.4,4.4,0
20,14,16,J,Orchard,5,38.1,5.5,0
20,14,16,J,Orchard,6,37.3,5,0
20,14,16,J,Orchard,7,33.7,5.65,0
20,14,16,J,Orchard,8,29.5,4.1,0
20,14,16,J,Rail,1,33.5,5,0
20,14,16,J,Rail,2,32.4,5.8,0
20,14,16,J,Rail,3,35.1,6.35,0
21,14,16,J,Hill,1,41.6,6.25,0
21,14,16,J,Hill,1,40.2,7.25,0
21,14,16,J,Hill,2,41.7,7.3,0
21,14,16,J,Hill,2,35.8,7.05,0
21,14,16,J,Hill,3,37,7.1,0
21,14,16,J,Hill,3,38.2,7.2,0
21,14,16,J,Hill,4,35.9,6.6,0
21,14,16,J,Hill,4,39.6,5.55,0
21,14,16,J,Hill,5,44,6.6,0
21,14,16,J,Hill,5,36.4,7,0
21,14,16,J,Hill,6,34.4,7.5,0
21,14,16,J,Hill,7,34.8,7.2,0
21,14,16,J,Hill,7,39.9,6.5,0
21,14,16,J,Hill,8,31.6,6.5,0
21,14,16,J,Hill,8,40.4,6.8,0
21,14,16,J,Orchard,1,40.4,5.95,0
21,14,16,J,Orchard,1,40.5,6.35,0
21,14,16,J,Orchard,2,33.4,4.8,0
21,14,16,J,Orchard,2,35.1,5.55,0
21,14,16,J,Orchard,3,37.9,6.65,0
21,14,16,J,Orchard,3,37.6,5.65,0
21,14,16,J,Orchard,4,34.8,6.25,0
21,14,16,J,Orchard,4,20.7,5.95,0
21,14,16,J,Orchard,5,33,6.1,0
21,14,16,J,Orchard,5,34.5,6.05,0
21,14,16,J,Orchard,6,36,6.25,0
21,14,16,J,Orchard,6,36.8,6.5,0
21,14,16,J,Orchard,7,24,NA,1
21,14,16,J,Orchard,7,35.9,7.1,0
21,14,16,J,Orchard,8,38.4,6.55,0
21,14,16,J,Orchard,8,34.9,6.15,0
21,14,16,J,Rail,1,37.5,5.7,0
21,14,16,J,Rail,1,39.2,5.85,0
21,14,16,J,Rail,2,42.6,6.95,0
21,14,16,J,Rail,2,35.3,5.9,0
21,14,16,J,Rail,3,33.2,6.95,0
21,14,16,J,Rail,3,40.6,7.35,0
21,14,16,J,Rail,4,37.3,6.85,0
21,14,16,J,Rail,4,35.8,6.2,0
22,14,16,J,Hill,1,27.5,4.1,0
22,14,16,J,Hill,2,26.8,3.5,0
22,14,16,J,Hill,3,40.5,6.8,0
22,14,16,J,Hill,4,33.9,6.25,0
22,14,16,J,Hill,5,36.3,4.35,0
22,14,16,J,Hill,6,35.1,6,0
22,14,16,J,Hill,7,35.9,5.95,0
22,14,16,J,Hill,8,39.2,5.3,0
22,14,16,J,Orchard,1,31.1,4.9,0
22,14,16,J,Orchard,2,38.1,5.3,0
22,14,16,J,Orchard,3,34.5,5.05,0
22,14,16,J,Orchard,4,31.1,3.85,0
22,14,16,J,Orchard,5,35.2,5.1,0
22,14,16,J,Orchard,6,33.7,4.5,0
22,14,16,J,Orchard,7,26.7,4.9,0
22,14,16,J,Orchard,8,30.2,3.95,0
22,14,16,J,Rail,1,45.9,6.9,0
22,14,16,J,Rail,2,30.6,4.25,0
22,14,16,J,Rail,3,30.8,4.7,0
22,14,16,J,Rail,4,33.6,5.2,0
23,14,16,J,Hill,1,34.2,6.8,0
23,14,16,J,Hill,2,35.6,6.9,0
23,14,16,J,Hill,3,35.3,7.2,0
23,14,16,J,Hill,4,36.4,7.15,0
23,14,16,J,Hill,5,34.5,5.8,0
23,14,16,J,Hill,7,36.2,6.45,0
23,14,16,J,Hill,8,25.8,4.9,0
23,14,16,J,Orchard,1,34.9,5.7,0
23,14,16,J,Orchard,2,33.2,4.7,0
23,14,16,J,Orchard,3,37.5,6,0
23,14,16,J,Orchard,4,37.5,6.5,0
23,14,16,J,Orchard,5,38.27,5.35,0
23,14,16,J,Orchard,6,34.4,5.4,0
23,14,16,J,Orchard,7,36.5,5.8,0
23,14,16,J,Orchard,8,35.2,7.3,0
23,14,16,J,Rail,1,41.7,5.75,0
23,14,16,J,Rail,2,40.3,6.95,0
23,14,16,J,Rail,3,31.9,6.1,0
23,14,16,J,Rail,4,37,5.6,0
24,14,16,J,Hill,1,35.2,6.65,0
24,14,16,J,Hill,6,38.6,5.3,0
24,14,16,J,Hill,7,32.2,4.45,0
24,14,16,J,Hill,8,31.1,5.2,0
24,14,16,J,Orchard,1,35.6,5.7,0
24,14,16,J,Orchard,2,38,5,0
24,14,16,J,Orchard,3,36.7,5.6,0
24,14,16,J,Orchard,4,35.8,5,0
24,14,16,J,Orchard,5,39.4,4.75,0
24,14,16,J,Orchard,7,28.5,5.6,0
24,14,16,J,Orchard,8,33.9,5.55,0
24,14,16,J,Rail,1,30.4,3.95,0
25,14,16,J,Hill,1,44.5,6.05,0
25,14,16,J,Hill,2,33.8,6.45,0
25,14,16,J,Hill,3,37.5,6.15,0
25,14,16,J,Hill,4,39.9,7,0
25,14,16,J,Hill,5,31.9,4.75,0
25,14,16,J,Hill,6,27.4,4.25,0
25,14,16,J,Hill,7,31.5,5.1,0
25,14,16,J,Hill,8,28.9,6.55,0
25,14,16,J,Orchard,1,30,5.2,0
25,14,16,J,Orchard,2,32.7,4.5,0
25,14,16,J,Orchard,3,32.3,4.3,0
25,14,16,J,Orchard,4,33.9,4.55,0
25,14,16,J,Orchard,5,35.76,4.9,0
25,14,16,J,Orchard,6,35.1,5.5,0
25,14,16,J,Orchard,7,34.1,5.65,0
25,14,16,J,Orchard,8,35.1,5.8,0
25,14,16,J,Rail,1,33.8,5.65,0
25,14,16,J,Rail,2,33.6,6.25,0
25,14,16,J,Rail,3,37.9,6,0
25,14,16,J,Rail,4,37.6,5.6,0
26,14,16,J,Hill,1,36.2,5.85,0
26,14,16,J,Hill,2,38,7.65,0
26,14,16,J,Hill,3,34.7,6.2,0
26,14,16,J,Hill,4,34.5,6.95,0
26,14,16,J,Hill,5,38.4,6.65,0
26,14,16,J,Hill,5,39.4,6.2,0
26,14,16,J,Hill,6,38.6,7.3,0
26,14,16,J,Hill,7,35.9,7.05,0
26,14,16,J,Hill,8,37.6,7.35,0
26,14,16,J,Orchard,1,40.5,6.05,0
26,14,16,J,Orchard,2,31.8,4.55,0
26,14,16,J,Orchard,3,36.4,5.6,0
26,14,16,J,Orchard,4,35,5.4,0
26,14,16,J,Orchard,5,42.8,7.45,0
26,14,16,J,Orchard,6,36.9,6.35,0
26,14,16,J,Orchard,6,41.6,7.15,0
26,14,16,J,Orchard,7,38.6,7.4,0
26,14,16,J,Orchard,8,33.9,6,0
26,14,16,J,Rail,1,39.8,6.5,0
26,14,16,J,Rail,2,36.5,5.8,0
26,14,16,J,Rail,3,35.4,6.35,0
26,14,16,J,Rail,4,41.7,7,0
27,14,16,J,Hill,1,41.2,6.85,0
27,14,16,J,Hill,2,36.7,8.2,0
27,14,16,J,Hill,3,35.3,6.35,0
27,14,16,J,Hill,4,34.9,6.7,0
27,14,16,J,Hill,5,37.2,6.25,0
27,14,16,J,Hill,6,31.5,5.6,0
27,14,16,J,Hill,8,37.1,6.5,0
27,14,16,J,Orchard,1,31.5,6.45,0
27,14,16,J,Orchard,2,34.1,5.65,0
27,14,16,J,Orchard,3,41.2,6.8,0
27,14,16,J,Orchard,4,37.5,5.6,0
27,14,16,J,Orchard,5,37.6,5.35,0
27,14,16,J,Orchard,6,33,6,0
27,14,16,J,Orchard,7,32.7,5.45,0
27,14,16,J,Orchard,8,32.9,6.65,0
27,14,16,J,Rail,1,40,6.85,0
27,14,16,J,Rail,2,38.7,7.05,0
27,14,16,J,Rail,3,32.7,6.15,0
27,14,16,J,Rail,4,36.6,6.2,0
28,14,16,J,Hill,1,31.9,3.8,0
28,14,16,J,Hill,2,37.6,6,0
28,14,16,J,Hill,3,38.5,7.1,0
28,14,16,J,Hill,4,36.3,7.25,0
28,14,16,J,Hill,5,31.6,4.25,0
28,14,16,J,Hill,6,39.4,6.35,0
28,14,16,J,Hill,7,35.7,6.95,0
28,14,16,J,Hill,8,27.5,4.45,0
28,14,16,J,Orchard,1,38.2,6.8,0
28,14,16,J,Orchard,2,35.7,5.7,0
28,14,16,J,Orchard,3,37.5,5.6,0
28,14,16,J,Orchard,4,24.7,5.85,0
28,14,16,J,Orchard,5,32.56,3.95,0
28,14,16,J,Orchard,6,38.5,6.25,0
28,14,16,J,Orchard,7,28.1,4.9,0
28,14,16,J,Orchard,8,28.1,3.75,0
28,14,16,J,Rail,1,35.1,5.6,1
28,14,16,J,Rail,2,35.6,4.25,0
28,14,16,J,Rail,3,30.5,5.05,0
28,14,16,J,Rail,4,38.9,6.2,0
29,14,16,J,Hill,1,36.1,7,0
29,14,16,J,Hill,2,39.6,7.15,0
29,14,16,J,Hill,3,39.8,7.2,0
29,14,16,J,Hill,4,31.6,5.55,0
29,14,16,J,Hill,5,41,6.9,0
29,14,16,J,Hill,6,34.3,5.9,0
29,14,16,J,Hill,7,40.5,6.9,0
29,14,16,J,Hill,8,37.4,6.85,0
29,14,16,J,Orchard,1,39.2,6.15,0
29,14,16,J,Orchard,2,31.9,5.1,0
29,14,16,J,Orchard,3,37.7,6.6,0
29,14,16,J,Orchard,4,37.6,6.1,0
29,14,16,J,Orchard,5,39.5,6.35,0
29,14,16,J,Orchard,6,25.6,5.4,0
29,14,16,J,Orchard,7,41.5,6.9,0
29,14,16,J,Rail,1,42.1,5.9,0
29,14,16,J,Rail,2,43.2,6.45,0
29,14,16,J,Rail,3,37.1,5.8,0
29,14,16,J,Rail,4,38.4,6.65,0
30,14,16,J,Hill,1,43.8,6.6,0
30,14,16,J,Hill,2,40.7,5.15,0
30,14,16,J,Hill,4,36.6,7.45,0
30,14,16,J,Hill,5,39.6,7.05,0
30,14,16,J,Hill,6,41.1,6.5,0
30,14,16,J,Hill,7,37.6,7.05,0
30,14,16,J,Hill,8,33.5,6.95,0
30,14,16,J,Orchard,1,37.7,6.15,0
30,14,16,J,Orchard,2,38.7,6.3,0
30,14,16,J,Orchard,3,39.8,6.1,0
30,14,16,J,Orchard,4,36.7,6.35,0
30,14,16,J,Orchard,5,39.2,6.15,0
30,14,16,J,Orchard,6,36.2,5.3,0
30,14,16,J,Orchard,7,32.6,5.85,0
30,14,16,J,Orchard,8,39.6,6.6,0
30,14,16,J,Rail,1,41.4,6.25,0
30,14,16,J,Rail,2,36.4,6.65,0
30,14,16,J,Rail,3,34,5.3,0
30,14,16,J,Rail,4,34.9,5.1,0
31,14,16,J,Hill,1,34,6.5,0
31,14,16,J,Hill,2,38.5,7.05,0
31,14,16,J,Hill,3,38.9,6.95,0
31,14,16,J,Hill,4,31,8,0
31,14,16,J,Hill,5,36.8,5.85,0
31,14,16,J,Hill,6,36.6,7.75,0
31,14,16,J,Hill,7,35.2,7.8,0
31,14,16,J,Hill,8,32.1,6.55,0
31,14,16,J,Orchard,1,33.9,5.9,0
31,14,16,J,Orchard,2,31.1,5.65,0
31,14,16,J,Orchard,3,42.7,6.4,0
31,14,16,J,Orchard,4,34.8,6.15,0
31,14,16,J,Orchard,5,39.52,5.5,0
31,14,16,J,Orchard,6,39.8,6.3,1
31,14,16,J,Orchard,7,37.2,7.1,0
31,14,16,J,Orchard,8,36.2,6.45,0
31,14,16,J,Rail,1,39.9,7.05,0
31,14,16,J,Rail,2,36.5,6.1,0
31,14,16,J,Rail,3,40.9,5.85,0
31,14,16,J,Rail,4,35.1,5.45,0
32,14,16,J,Hill,1,34.1,6.25,0
32,14,16,J,Hill,2,40.9,7.7,0
32,14,16,J,Hill,3,39.6,7.65,0
32,14,16,J,Hill,4,35.7,4.65,0
32,14,16,J,Hill,5,43.6,7.75,1
32,14,16,J,Hill,7,34.7,6.8,0
32,14,16,J,Hill,8,35.7,6.5,0
32,14,16,J,Orchard,1,34.9,7.35,0
32,14,16,J,Orchard,2,38.5,5.6,0
32,14,16,J,Orchard,3,39.2,5.95,0
32,14,16,J,Orchard,4,43,6.3,1
32,14,16,J,Orchard,5,40.1,7,0
32,14,16,J,Orchard,6,41.6,6.8,1
32,14,16,J,Orchard,7,31.5,5.65,1
32,14,16,J,Orchard,8,28.4,5.45,0
32,14,16,J,Rail,1,44.4,6.7,0
32,14,16,J,Rail,2,37.8,5.4,0
32,14,16,J,Rail,3,37.9,7.65,0
33,14,16,J,Hill,1,39.4,6.1,0
33,14,16,J,Hill,2,26.9,4.05,0
33,14,16,J,Hill,4,41.5,8.4,0
33,14,16,J,Hill,5,35.2,6.6,0
33,14,16,J,Orchard,1,40.4,6.85,0
33,14,16,J,Orchard,4,33.8,6.25,0
33,14,16,J,Orchard,6,34.8,6.8,0
33,14,16,J,Rail,3,34.3,5.65,0
34,14,16,J,Hill,2,37.1,7.85,0
34,14,16,J,Hill,4,42.3,6.5,0
34,14,16,J,Hill,5,40,7.6,0
34,14,16,J,Hill,7,38.4,7.75,0
34,14,16,J,Hill,8,38.7,7.95,0
34,14,16,J,Orchard,1,26.8,6.4,0
34,14,16,J,Orchard,3,42.7,6.9,0
34,14,16,J,Orchard,5,40.2,6.05,0
34,14,16,J,Orchard,6,39.7,6.25,0
34,14,16,J,Orchard,7,38.2,6.7,0
34,14,16,J,Rail,1,41.4,6.05,0
34,14,16,J,Rail,2,42,6,0
34,14,16,J,Rail,3,38.8,6.25,0
34,14,16,J,Rail,4,36.5,6.4,0
35,14,16,J,Hill,1,42.7,5.65,0
35,14,16,J,Hill,2,37.7,5.45,0
35,14,16,J,Hill,3,34.9,6.55,0
35,14,16,J,Hill,4,40.4,7.7,0
35,14,16,J,Hill,5,39.4,7.35,0
35,14,16,J,Hill,6,38.3,5.75,0
35,14,16,J,Hill,7,38.1,5.35,0
35,14,16,J,Hill,8,35.6,6.6,0
35,14,16,J,Orchard,1,37.1,6.35,0
35,14,16,J,Orchard,2,35.7,6.3,0
35,14,16,J,Orchard,3,36.7,5.75,0
35,14,16,J,Orchard,4,39.8,6.15,0
35,14,16,J,Orchard,5,37,5.35,0
35,14,16,J,Orchard,6,34.5,5.65,1
35,14,16,J,Orchard,7,36.1,6.3,0
35,14,16,J,Orchard,8,33.1,6.55,0
35,14,16,J,Rail,1,31.5,5.05,0
35,14,16,J,Rail,2,42.1,6.7,0
35,14,16,J,Rail,3,39.7,6.1,0
36,14,16,J,Hill,1,38.6,5.35,0
36,14,16,J,Hill,2,38.3,6.85,0
36,14,16,J,Hill,3,40.3,6.25,0
36,14,16,J,Hill,4,34.8,6.7,0
36,14,16,J,Hill,5,38.8,6.15,0
36,14,16,J,Hill,6,36.1,6.15,0
36,14,16,J,Hill,7,38.5,6.6,0
36,14,16,J,Hill,8,36.8,6.8,0
36,14,16,J,Orchard,1,43.4,6.4,0
36,14,16,J,Orchard,2,38.4,5.35,0
36,14,16,J,Orchard,3,38.8,6.4,0
36,14,16,J,Orchard,4,30.7,3.45,0
36,14,16,J,Orchard,5,37,5.55,0
36,14,16,J,Orchard,6,37.8,6.05,0
36,14,16,J,Orchard,7,34.8,5.2,0
36,14,16,J,Orchard,8,28.4,5.3,0
36,14,16,J,Rail,1,39.8,5.95,0
36,14,16,J,Rail,2,40.6,5.5,0
36,14,16,J,Rail,3,36,6.15,0
36,14,16,J,Rail,4,36.3,5.1,0
37,14,16,J,Hill,2,37.2,6.45,0
37,14,16,J,Hill,3,31,6.85,0
37,14,16,J,Hill,4,34.8,7.15,0
37,14,16,J,Hill,5,40,6.6,0
37,14,16,J,Hill,6,38,7.65,0
37,14,16,J,Hill,7,34.4,6.15,0
37,14,16,J,Hill,8,33.9,5.35,0
37,14,16,J,Orchard,1,34.5,4.05,0
37,14,16,J,Orchard,2,33.7,5.9,0
37,14,16,J,Orchard,3,40.6,6.05,0
37,14,16,J,Orchard,4,36,NA,1
37,14,16,J,Orchard,5,33.7,4,0
37,14,16,J,Orchard,6,40.1,6.7,0
37,14,16,J,Orchard,7,26.4,3.35,0
37,14,16,J,Orchard,8,32.2,5.95,0
37,14,16,J,Rail,1,38.2,6.05,0
37,14,16,J,Rail,2,41.4,6.25,0
37,14,16,J,Rail,3,39.2,7.6,0
37,14,16,J,Rail,4,37,5.75,0
38,14,16,J,Hill,2,40.5,5.2,0
38,14,16,J,Hill,3,32.8,5.2,0
38,14,16,J,Hill,4,33.8,6.5,0
38,14,16,J,Hill,5,39.7,5.25,0
38,14,16,J,Hill,6,37.5,6.8,0
38,14,16,J,Hill,7,32.2,6.25,0
38,14,16,J,Hill,8,30.5,7,0
38,14,16,J,Orchard,1,37.7,5.5,0
38,14,16,J,Orchard,2,33.4,5.45,0
38,14,16,J,Orchard,3,35.8,5.25,0
38,14,16,J,Orchard,4,37.6,5.65,0
38,14,16,J,Orchard,5,34.2,5.15,0
38,14,16,J,Orchard,6,33.8,3.7,0
38,14,16,J,Orchard,7,37.1,5.9,0
38,14,16,J,Rail,1,38.2,6.4,0
38,14,16,J,Rail,2,33.2,4.65,0
38,14,16,J,Rail,3,35.2,5.25,0
38,14,16,J,Rail,4,43.7,5.85,0
39,14,16,J,Hill,1,34.6,8.1,0
39,14,16,J,Hill,2,34,5.85,0
39,14,16,J,Hill,3,38,6.2,0
39,14,16,J,Hill,4,41.2,7.8,0
39,14,16,J,Hill,5,40.6,7.5,0
39,14,16,J,Hill,6,26,5.2,0
39,14,16,J,Hill,7,35.5,7.1,0
39,14,16,J,Hill,8,37.9,6.7,0
39,14,16,J,Orchard,1,36.6,6.15,0
39,14,16,J,Orchard,2,35.2,6.15,0
39,14,16,J,Orchard,3,39.2,7.15,0
39,14,16,J,Orchard,4,40.9,8.1,0
39,14,16,J,Orchard,5,33.75,6.55,0
39,14,16,J,Orchard,7,34.4,5.7,0
39,14,16,J,Orchard,8,30.8,6.05,0
39,14,16,J,Rail,1,35.7,6.05,0
39,14,16,J,Rail,2,40.7,6.15,0
39,14,16,J,Rail,3,35.7,6.65,0
39,14,16,J,Rail,4,38.5,6.3,0
40,14,16,J,Hill,1,37.1,6,0
40,14,16,J,Hill,2,42,7.9,0
40,14,16,J,Hill,3,39.5,7.15,0
40,14,16,J,Hill,4,38,8.05,0
40,14,16,J,Hill,5,42.4,9,0
40,14,16,J,Hill,6,35.9,7.15,0
40,14,16,J,Hill,7,38.3,8.45,0
40,14,16,J,Hill,8,38.6,8.2,0
40,14,16,J,Orchard,1,40.7,6.2,0
40,14,16,J,Orchard,2,33.8,6.15,0
40,14,16,J,Orchard,3,40.1,5.75,0
40,14,16,J,Orchard,4,38.8,6.55,0
40,14,16,J,Orchard,5,44.24,7.25,0
40,14,16,J,Orchard,6,34.5,6.6,0
40,14,16,J,Orchard,7,37.1,6.45,0
40,14,16,J,Orchard,8,32.4,7.4,0
40,14,16,J,Rail,1,40.3,6.2,0
40,14,16,J,Rail,2,42,6.75,0
40,14,16,J,Rail,3,35.8,6.75,0
40,14,16,J,Rail,4,38.3,7.35,0
41,14,16,J,Hill,1,40,7.3,0
41,14,16,J,Hill,3,34.9,6.9,0
41,14,16,J,Hill,4,43.8,7.4,0
41,14,16,J,Hill,5,36.2,8.35,0
41,14,16,J,Hill,6,35.2,5.75,0
41,14,16,J,Hill,7,38.1,7.85,0
41,14,16,J,Hill,8,35.4,6.85,0
41,14,16,J,Orchard,1,41.4,6.8,0
41,14,16,J,Orchard,4,36.8,6,0
41,14,16,J,Orchard,5,38.21,6.45,0
41,14,16,J,Orchard,6,35.5,5,0
41,14,16,J,Orchard,7,32.4,7.2,0
41,14,16,J,Orchard,8,29.9,5.95,0
41,14,16,J,Rail,1,37.5,6.5,0
41,14,16,J,Rail,2,34.8,5.65,0
41,14,16,J,Rail,3,34.3,6.35,0
41,14,16,J,Rail,4,40.3,8.05,0
42,14,16,J,Hill,1,35.6,4.1,0
42,14,16,J,Hill,3,36.2,8.2,0
42,14,16,J,Hill,4,38.9,7.65,0
42,14,16,J,Hill,5,40.2,6.95,0
42,14,16,J,Hill,6,38.6,6.45,1
42,14,16,J,Hill,7,39.4,7.8,0
42,14,16,J,Hill,8,38.6,8.05,0
42,14,16,J,Orchard,1,29,5.95,0
42,14,16,J,Orchard,2,35.4,6,0
42,14,16,J,Orchard,3,34.8,6.05,0
42,14,16,J,Orchard,4,33.7,6.1,0
42,14,16,J,Orchard,5,41.9,6.75,0
42,14,16,J,Orchard,6,37.6,6.15,0
42,14,16,J,Orchard,7,31.5,NA,1
42,14,16,J,Rail,1,44.1,7.8,0
42,14,16,J,Rail,2,39.7,6.4,0
42,14,16,J,Rail,3,36,6.6,0
42,14,16,J,Rail,4,37.5,6.25,0
43,14,16,J,Hill,3,33.1,5.05,0
43,14,16,J,Hill,8,38.1,6.15,0
43,14,16,J,Orchard,3,35.5,5.3,0
43,14,16,J,Orchard,4,39.9,5.9,0
43,14,16,J,Orchard,6,31.9,4.25,0
43,14,16,J,Orchard,7,35.3,6.35,0
43,14,16,J,Orchard,8,34.9,6.45,0
43,14,16,J,Rail,1,38.9,6.1,0
43,14,16,J,Rail,4,38.4,6.95,0
44,14,16,J,Hill,2,35.8,5.2,0
44,14,16,J,Hill,5,39.8,7.45,0
44,14,16,J,Hill,6,35.9,6.7,0
44,14,16,J,Hill,7,32.4,6.7,0
44,14,16,J,Hill,8,39,7.7,0
44,14,16,J,Orchard,1,36.7,5,0
44,14,16,J,Orchard,2,34.5,5,0
44,14,16,J,Orchard,4,38.5,6.9,0
44,14,16,J,Orchard,5,39.5,7.15,0
44,14,16,J,Orchard,6,37,6.8,0
44,14,16,J,Orchard,7,31.6,5.9,0
44,14,16,J,Orchard,8,35.8,7.4,0
44,14,16,J,Rail,2,39.5,6.65,0
44,14,16,J,Rail,3,34.6,7.45,0
44,14,16,J,Rail,4,34.3,5.65,0
45,14,16,J,Hill,3,35,6.7,0
45,14,16,J,Hill,5,38.2,5.35,0
45,14,16,J,Hill,7,35.3,6.75,0
45,14,16,J,Orchard,1,31.5,4.35,0
45,14,16,J,Orchard,6,34.6,5.45,0
45,14,16,J,Orchard,7,37.9,6.2,0
45,14,16,J,Orchard,8,31.5,NA,1
45,14,16,J,Rail,1,38.2,4.95,0
45,14,16,J,Rail,2,33.2,4.35,0
46,14,16,J,Hill,3,38.5,6.3,0
46,14,16,J,Hill,6,38.1,5.55,0
46,14,16,J,Hill,8,39.7,5.65,0
46,14,16,J,Orchard,2,38.5,5.8,0
46,14,16,J,Orchard,3,30.2,3.95,0
46,14,16,J,Orchard,5,41.1,6.95,0
46,14,16,J,Orchard,7,35.6,7.05,0
46,14,16,J,Orchard,8,37,6.8,0
46,14,16,J,Rail,1,36.4,4.3,0
46,14,16,J,Rail,2,37.1,5,0
46,14,16,J,Rail,4,28.8,4.5,0
47,14,16,J,Hill,2,36,7.7,0
47,14,16,J,Hill,4,34.5,5.55,0
47,14,16,J,Hill,7,27.8,3.55,0
47,14,16,J,Orchard,1,37.9,6.2,0
47,14,16,J,Orchard,2,28.9,NA,1
47,14,16,J,Orchard,5,38.5,6.15,0
47,14,16,J,Rail,2,39.3,5.9,0
48,14,16,J,Hill,2,33.7,7,0
48,14,16,J,Hill,3,35.6,6.3,0
48,14,16,J,Hill,4,28.6,4.6,0
48,14,16,J,Hill,5,34.9,6.05,0
48,14,16,J,Hill,6,37.5,6.7,0
48,14,16,J,Hill,7,32.5,6.95,0
48,14,16,J,Hill,8,28.4,6.25,0
48,14,16,J,Orchard,1,36.6,6.65,0
48,14,16,J,Orchard,2,32.9,5.25,0
48,14,16,J,Orchard,3,35.1,5,0
48,14,16,J,Orchard,4,38.9,6.3,0
48,14,16,J,Orchard,5,35,6.8,0
48,14,16,J,Orchard,6,35,5.65,0
48,14,16,J,Orchard,8,26.2,3.45,0
48,14,16,J,Rail,1,31.7,4.05,0
48,14,16,J,Rail,2,31.7,3.4,0
48,14,16,J,Rail,3,34.4,6.9,0
48,14,16,J,Rail,4,34.6,5.05,0
49,14,16,J,Hill,1,36.3,6.8,0
49,14,16,J,Hill,2,34.3,7.95,0
49,14,16,J,Hill,3,35.2,5.85,0
49,14,16,J,Hill,4,40.2,7.3,0
49,14,16,J,Hill,5,41.1,7.45,0
49,14,16,J,Hill,6,36.2,7.15,0
49,14,16,J,Hill,7,36.5,6.9,0
49,14,16,J,Orchard,1,37.2,6.8,0
49,14,16,J,Orchard,2,32,NA,1
49,14,16,J,Orchard,3,39.8,7.6,0
49,14,16,J,Orchard,4,39.9,6.8,0
49,14,16,J,Orchard,5,34.2,6.2,0
49,14,16,J,Orchard,6,39.7,7,0
49,14,16,J,Orchard,7,38.3,6.85,0
49,14,16,J,Orchard,8,35,6.75,0
49,14,16,J,Rail,1,34.5,6.3,0
49,14,16,J,Rail,2,38.8,6.4,1
49,14,16,J,Rail,3,35.1,6.2,0
49,14,16,J,Rail,4,38.1,8.65,0
50,14,16,J,Hill,1,38.9,7.7,0
50,14,16,J,Hill,2,40.7,6.65,0
50,14,16,J,Hill,3,37.3,6.2,0
50,14,16,J,Hill,4,38.4,8.8,0
50,14,16,J,Hill,5,39,5.95,0
50,14,16,J,Hill,6,32.7,5.65,0
50,14,16,J,Hill,7,37.8,7.5,0
50,14,16,J,Hill,8,35.1,5.55,0
50,14,16,J,Orchard,1,39.8,6.05,0
50,14,16,J,Orchard,2,38.4,5.9,0
50,14,16,J,Orchard,3,32.4,3.55,0
50,14,16,J,Orchard,4,41.3,6.55,0
50,14,16,J,Orchard,5,43.3,6.1,1
50,14,16,J,Orchard,6,38,6.55,0
50,14,16,J,Orchard,7,34.7,6.05,0
50,14,16,J,Orchard,8,31.2,7.7,0
50,14,16,J,Rail,1,36.2,7.25,0
50,14,16,J,Rail,3,38.1,7,0
50,14,16,J,Rail,4,39.1,6.95,0
51,14,16,J,Hill,2,36.3,5.35,0
51,14,16,J,Hill,3,34.8,6.15,0
51,14,16,J,Hill,5,33.9,6.4,0
51,14,16,J,Hill,6,34.5,4.1,0
51,14,16,J,Hill,7,31.1,4.65,0
51,14,16,J,Hill,8,29.9,5.85,0
51,14,16,J,Orchard,1,41.5,5.25,0
51,14,16,J,Orchard,2,36.9,5.05,0
51,14,16,J,Orchard,3,38,5.95,1
51,14,16,J,Orchard,4,38.7,6.35,0
51,14,16,J,Orchard,5,36,6.25,0
51,14,16,J,Orchard,6,36.1,5.55,0
51,14,16,J,Orchard,7,32.8,6,0
51,14,16,J,Orchard,8,34.6,5.7,0
51,14,16,J,Rail,1,36.9,5.15,0
51,14,16,J,Rail,2,35.3,5.9,0
51,14,16,J,Rail,3,37.1,6.35,0
51,14,16,J,Rail,4,41.9,6.1,0
52,16,9,K,Hill,1,43.2,7.2,0
52,16,9,K,Hill,2,33.6,7.9,0
52,16,9,K,Hill,3,30.9,5.7,0
52,16,9,K,Hill,4,40.3,5.55,0
52,16,9,K,Hill,6,36.2,6.3,0
52,16,9,K,Hill,7,30.6,5.15,0
52,16,9,K,Hill,8,31.4,4.75,0
52,16,9,K,Orchard,1,37.5,5.5,0
52,16,9,K,Orchard,2,38.3,4.95,0
52,16,9,K,Orchard,3,38.4,5.45,0
52,16,9,K,Orchard,4,34.1,5.45,1
52,16,9,K,Orchard,5,38.05,5.8,0
52,16,9,K,Orchard,6,40.6,5.55,0
52,16,9,K,Orchard,7,23.7,2.8,0
52,16,9,K,Rail,1,37.3,5.85,0
52,16,9,K,Rail,2,41,6.2,0
52,16,9,K,Rail,4,35.7,6,0
53,16,9,K,Hill,1,48.4,6.15,0
53,16,9,K,Hill,2,41.9,6.2,0
53,16,9,K,Hill,4,37.4,7.2,0
53,16,9,K,Hill,5,32.7,4.05,0
53,16,9,K,Hill,6,35.4,6.35,0
53,16,9,K,Hill,7,36.7,7.05,0
53,16,9,K,Hill,8,35.8,7.1,0
53,16,9,K,Orchard,1,36,5.15,0
53,16,9,K,Orchard,2,36.1,5.2,0
53,16,9,K,Orchard,3,38.7,5.75,0
53,16,9,K,Orchard,5,39,5.35,0
53,16,9,K,Orchard,6,34.7,5.6,0
53,16,9,K,Orchard,7,38.5,5.35,0
53,16,9,K,Orchard,8,35.9,6,0
53,16,9,K,Rail,1,39.9,6.75,0
53,16,9,K,Rail,2,39,6.75,0
53,16,9,K,Rail,3,34.3,5.3,0
53,16,9,K,Rail,4,39.5,7.05,0
54,16,9,K,Hill,1,37.6,7.3,0
54,16,9,K,Hill,1,41,7.1,0
54,16,9,K,Hill,2,39.4,6.2,0
54,16,9,K,Hill,3,36.5,6.95,0
54,16,9,K,Hill,3,37.1,6.7,0
54,16,9,K,Hill,4,42.8,7.25,0
54,16,9,K,Hill,5,35.6,6.85,0
54,16,9,K,Hill,5,38.5,7,0
54,16,9,K,Hill,6,31.1,6.4,0
54,16,9,K,Hill,7,27.7,3.7,0
54,16,9,K,Hill,8,30.2,6.3,0
54,16,9,K,Hill,8,36.1,5.9,0
54,16,9,K,Orchard,1,34,4.45,0
54,16,9,K,Orchard,1,33.9,5,0
54,16,9,K,Orchard,2,41.2,6.9,0
54,16,9,K,Orchard,3,31.2,4.8,1
54,16,9,K,Orchard,4,36.1,5.65,0
54,16,9,K,Orchard,5,36.5,4.45,0
54,16,9,K,Orchard,6,37.3,5.5,1
54,16,9,K,Orchard,6,33.5,4.55,0
54,16,9,K,Orchard,7,35.9,5.65,0
54,16,9,K,Orchard,8,41.3,5.8,0
54,16,9,K,Rail,1,37.3,6.6,1
54,16,9,K,Rail,2,32.4,4.7,0
54,16,9,K,Rail,2,40.5,6.7,0
54,16,9,K,Rail,3,32.6,6.3,0
54,16,9,K,Rail,3,37.2,5.65,0
54,16,9,K,Rail,4,38.5,6.7,0
55,5,6,L,Hill,1,43.6,4.7,0
55,5,6,L,Hill,2,40.4,7.45,0
55,5,6,L,Hill,3,32.6,6.55,0
55,5,6,L,Hill,4,35.6,6.85,0
55,5,6,L,Hill,5,37,4.75,1
55,5,6,L,Hill,6,42.8,6.7,0
55,5,6,L,Hill,7,37,6.25,0
55,5,6,L,Hill,8,28.9,5.55,0
55,5,6,L,Orchard,1,38.1,6.6,0
55,5,6,L,Orchard,2,39.1,5.6,0
55,5,6,L,Orchard,3,35.8,4.95,0
55,5,6,L,Orchard,4,35.7,5.8,0
55,5,6,L,Orchard,5,37.4,4.6,0
55,5,6,L,Orchard,6,36.1,5.25,0
55,5,6,L,Orchard,7,36.6,5.1,0
55,5,6,L,Orchard,8,35.6,NA,1
55,5,6,L,Rail,1,37,6,0
55,5,6,L,Rail,2,46.5,5.85,0
55,5,6,L,Rail,3,39.4,6.3,0
55,5,6,L,Rail,4,37.4,6.55,1
56,5,6,L,Hill,2,29.3,4.25,0
56,5,6,L,Hill,5,35.3,4.1,0
56,5,6,L,Hill,8,30.8,4.3,0
56,5,6,L,Orchard,1,30.3,4.25,0
56,5,6,L,Orchard,2,26.3,3.3,0
56,5,6,L,Orchard,3,29.3,3.9,0
56,5,6,L,Orchard,4,37.2,4.55,0
56,5,6,L,Orchard,5,37.2,5.15,0
56,5,6,L,Orchard,6,27.9,3.7,0
56,5,6,L,Orchard,8,31.6,4.8,0
56,5,6,L,Rail,1,36.2,4.85,0
57,5,6,L,Hill,2,34.2,5.35,0
57,5,6,L,Hill,4,35.3,5.4,0
57,5,6,L,Hill,5,31.1,4.6,0
57,5,6,L,Hill,6,30.4,4.95,0
57,5,6,L,Hill,8,28.3,3.2,0
57,5,6,L,Orchard,1,37.5,NA,1
57,5,6,L,Orchard,2,32.8,3.9,0
57,5,6,L,Orchard,7,29.4,NA,1
57,5,6,L,Rail,3,35.3,5,0
58,5,6,L,Hill,1,35.5,4.45,0
58,5,6,L,Hill,2,35.8,8,0
58,5,6,L,Hill,7,36,4.65,0
58,5,6,L,Hill,8,35.8,5.9,0
58,5,6,L,Orchard,1,36.7,5.26,1
58,5,6,L,Orchard,2,29.6,5,0
58,5,6,L,Orchard,3,37.3,5.6,0
58,5,6,L,Orchard,4,31.8,5.65,0
58,5,6,L,Orchard,5,37.35,4.85,0
58,5,6,L,Orchard,6,34.5,6.35,1
58,5,6,L,Orchard,8,35,5.3,0
58,5,6,L,Rail,1,36.7,5.25,0
59,5,6,L,Hill,1,39.3,7.1,0
59,5,6,L,Hill,2,39.2,6.75,0
59,5,6,L,Hill,3,36.8,4.95,0
59,5,6,L,Hill,4,35.2,6.75,0
59,5,6,L,Hill,5,38.7,6.15,0
59,5,6,L,Hill,6,37.8,6.6,0
59,5,6,L,Hill,7,38.5,6.4,0
59,5,6,L,Hill,8,37.3,6.5,0
59,5,6,L,Orchard,1,36.2,5.65,0
59,5,6,L,Orchard,2,34.2,5.5,0
59,5,6,L,Orchard,3,38.4,5.45,0
59,5,6,L,Orchard,4,39.8,5.7,0
59,5,6,L,Orchard,5,34.4,5.55,0
59,5,6,L,Orchard,6,39.9,6.5,0
59,5,6,L,Orchard,7,28,5.55,0
59,5,6,L,Orchard,7,35.1,6.7,0
59,5,6,L,Orchard,8,35.7,6.35,0
59,5,6,L,Rail,1,38.4,4.7,0
59,5,6,L,Rail,2,39.8,5.45,0
59,5,6,L,Rail,3,36.4,6.8,0
59,5,6,L,Rail,4,41.4,6.45,0
60,5,6,L,Hill,2,34,5.65,0
60,5,6,L,Hill,5,29.5,4.65,0
60,5,6,L,Orchard,1,34.8,5.55,0
60,5,6,L,Orchard,2,26.3,3.55,0
60,5,6,L,Orchard,3,32.3,5,0
60,5,6,L,Orchard,4,33.5,5.35,0
60,5,6,L,Orchard,5,37,5.35,1
60,5,6,L,Orchard,7,29.5,4.6,0
60,5,6,L,Rail,1,33.3,5.7,0
60,5,6,L,Rail,2,32.5,4.75,0
60,5,6,L,Rail,3,34.3,4.7,0
60,5,6,L,Rail,4,29.9,5,0
61,5,6,L,Hill,1,40.7,6.8,0
61,5,6,L,Hill,2,33,6.1,0
61,5,6,L,Hill,7,28.1,4.05,0
61,5,6,L,Hill,8,30.6,6.25,0
61,5,6,L,Orchard,3,36,5.95,0
61,5,6,L,Orchard,5,31.67,3.9,0
61,5,6,L,Orchard,6,30.7,4.6,0
61,5,6,L,Orchard,7,33.1,6.5,0
62,5,6,L,Hill,1,43.9,6.35,0
62,5,6,L,Hill,2,33.8,7.05,0
62,5,6,L,Hill,3,34,7.8,0
62,5,6,L,Hill,4,38.1,7.6,0
62,5,6,L,Hill,5,40.3,6.65,1
62,5,6,L,Hill,6,39.7,7.4,0
62,5,6,L,Hill,7,35.8,7.25,0
62,5,6,L,Hill,8,28.3,6.85,0
62,5,6,L,Orchard,1,41.4,6.55,0
62,5,6,L,Orchard,1,39.3,7.2,0
62,5,6,L,Orchard,2,34,5.95,0
62,5,6,L,Orchard,3,42.7,6.7,0
62,5,6,L,Orchard,4,38.8,6.4,0
62,5,6,L,Orchard,5,37.2,6.25,0
62,5,6,L,Orchard,5,41.3,7,0
62,5,6,L,Orchard,7,40.8,6.5,0
62,5,6,L,Orchard,8,26.9,6.55,0
62,5,6,L,Orchard,8,37.6,7.15,1
62,5,6,L,Rail,1,49.3,7,0
62,5,6,L,Rail,2,40.7,6.35,0
62,5,6,L,Rail,2,38.1,6.95,0
62,5,6,L,Rail,3,35.8,7,0
62,5,6,L,Rail,3,35.1,7.35,0
62,5,6,L,Rail,4,37.8,7.5,1
62,5,6,L,Rail,4,41.2,7.2,0
63,5,6,L,Hill,3,31.4,5.5,0
63,5,6,L,Hill,4,36.3,6.4,0
63,5,6,L,Hill,8,31.4,5,0
63,5,6,L,Orchard,3,40.7,5.6,0
63,5,6,L,Orchard,4,33.8,NA,1
63,5,6,L,Orchard,7,36.4,6.85,0
64,11,15,N,Hill,1,33.1,4.5,0
64,11,15,N,Hill,3,30.8,4.25,0
64,11,15,N,Hill,4,25.6,5.15,0
64,11,15,N,Hill,5,32,5.8,1
64,11,15,N,Hill,6,32.8,3.65,0
64,11,15,N,Hill,7,33.6,4.7,0
64,11,15,N,Hill,8,33.2,5.35,0
64,11,15,N,Orchard,1,29,4,0
64,11,15,N,Orchard,2,31.8,4,0
64,11,15,N,Orchard,3,29.6,4.55,0
64,11,15,N,Orchard,4,35.6,5.55,0
64,11,15,N,Orchard,5,25.18,3,0
64,11,15,N,Orchard,6,23,2.85,0
64,11,15,N,Orchard,7,32.1,4.6,0
64,11,15,N,Orchard,8,25.6,4.2,0
64,11,15,N,Rail,1,37.7,4.95,0
64,11,15,N,Rail,2,34.8,4.4,0
64,11,15,N,Rail,3,34.1,4.05,0
64,11,15,N,Rail,4,33.8,4,0
65,11,15,N,Hill,1,40.8,7,0
65,11,15,N,Hill,2,30.5,4.25,0
65,11,15,N,Hill,5,34.1,3.65,0
65,11,15,N,Hill,6,29.3,4.75,0
65,11,15,N,Hill,7,29.9,4.05,0
65,11,15,N,Orchard,1,32.6,5.55,1
65,11,15,N,Orchard,2,34,5.1,0
65,11,15,N,Orchard,3,23.2,2.9,0
65,11,15,N,Orchard,4,39.1,5.35,1
65,11,15,N,Orchard,5,34.74,4.85,0
65,11,15,N,Orchard,6,38.2,NA,1
65,11,15,N,Orchard,7,22.9,2.7,0
65,11,15,N,Orchard,8,34.3,5.6,0
65,11,15,N,Rail,1,32.5,3.95,0
65,11,15,N,Rail,4,36.8,5.2,0
66,11,15,N,Hill,1,30.1,5.25,0
66,11,15,N,Orchard,3,34.2,4.5,0
66,11,15,N,Orchard,4,37.4,5.1,1
66,11,15,N,Orchard,8,31.9,5.05,0
66,11,15,N,Rail,1,41.6,5.95,0
66,11,15,N,Rail,2,35.1,4.4,0
67,11,15,N,Hill,3,30.8,4.6,0
67,11,15,N,Hill,6,38.6,6.5,0
67,11,15,N,Hill,7,35.2,5.95,0
67,11,15,N,Orchard,1,37.7,6.15,0
67,11,15,N,Orchard,2,36.1,4.7,0
67,11,15,N,Orchard,3,35.5,4.6,0
67,11,15,N,Orchard,4,41,NA,1
67,11,15,N,Orchard,7,40.9,6.9,0
67,11,15,N,Orchard,8,40.2,6.8,0
67,11,15,N,Rail,2,47.8,6.45,0
67,11,15,N,Rail,3,29.2,4.25,0
67,11,15,N,Rail,4,37.9,4.8,0
68,11,15,N,Hill,2,39.2,5.75,0
68,11,15,N,Hill,5,37.8,5.85,0
68,11,15,N,Hill,7,36.4,6.9,0
68,11,15,N,Orchard,1,32.5,4.45,0
68,11,15,N,Orchard,2,39.1,5.8,0
68,11,15,N,Orchard,3,36.5,4.5,0
68,11,15,N,Orchard,4,37.7,6.3,0
68,11,15,N,Orchard,5,30.04,3.45,0
69,11,15,N,Hill,1,36.6,5.85,0
69,11,15,N,Hill,2,32.4,4.3,0
69,11,15,N,Hill,4,36,6.65,0
69,11,15,N,Hill,5,45.2,5.1,0
69,11,15,N,Hill,6,35.5,5.45,0
69,11,15,N,Hill,7,35.3,5.75,0
69,11,15,N,Hill,8,37.2,6.1,0
69,11,15,N,Orchard,1,37,4.4,0
69,11,15,N,Orchard,2,33.1,4.65,0
69,11,15,N,Orchard,3,37.8,5.7,0
69,11,15,N,Orchard,4,33.6,NA,1
69,11,15,N,Orchard,5,35,4.5,0
69,11,15,N,Orchard,6,40.3,5.3,0
69,11,15,N,Orchard,7,32,3.6,0
69,11,15,N,Orchard,8,39.6,6.05,0
69,11,15,N,Rail,1,35.9,4.75,0
69,11,15,N,Rail,2,36.8,5.4,1
69,11,15,N,Rail,3,29.7,3.95,0
69,11,15,N,Rail,4,34.4,5.2,1
70,11,15,N,Hill,3,36.8,6.35,0
70,11,15,N,Hill,4,41,7.3,0
70,11,15,N,Hill,5,39,6.05,0
70,11,15,N,Hill,6,35.1,4.925,0
70,11,15,N,Hill,7,34.6,5.4,0
70,11,15,N,Hill,8,32,4.55,0
70,11,15,N,Orchard,1,32.5,4.65,0
70,11,15,N,Orchard,2,34.5,4.8,0
70,11,15,N,Orchard,3,32.8,4.2,0
70,11,15,N,Orchard,4,35.2,5.25,0
70,11,15,N,Orchard,5,40.69,5.65,0
70,11,15,N,Orchard,6,36.6,5.2,0
70,11,15,N,Orchard,7,32.2,5,0
70,11,15,N,Orchard,8,33.5,6.25,0
70,11,15,N,Rail,2,38.9,6.4,0
70,11,15,N,Rail,3,29.6,4.2,0
70,11,15,N,Rail,4,25.3,3.35,0
71,11,15,N,Hill,1,33.2,5.7,0
71,11,15,N,Hill,1,38.2,5.15,0
71,11,15,N,Hill,2,37.8,5.5,0
71,11,15,N,Hill,3,37.9,4.8,0
71,11,15,N,Hill,3,41.1,5.65,0
71,11,15,N,Hill,6,32.3,5.35,0
71,11,15,N,Hill,6,32.6,4.85,0
71,11,15,N,Hill,7,40.3,5.55,0
71,11,15,N,Hill,8,36,5.3,0
71,11,15,N,Orchard,1,38.6,5.35,1
71,11,15,N,Orchard,2,34.3,4.45,0
71,11,15,N,Orchard,3,39.3,5.5,0
71,11,15,N,Orchard,4,34.5,4.75,0
71,11,15,N,Orchard,5,37.8,5.35,0
71,11,15,N,Orchard,6,36.6,5.7,0
71,11,15,N,Orchard,6,38.8,5.2,0
71,11,15,N,Orchard,7,32.8,4.6,0
71,11,15,N,Orchard,7,28.6,4.25,0
71,11,15,N,Orchard,8,35.7,5.45,0
71,11,15,N,Orchard,8,29.4,4.05,0
71,11,15,N,Rail,1,35.5,5.15,1
71,11,15,N,Rail,2,37.3,5.55,0
71,11,15,N,Rail,2,34.8,4.2,0
71,11,15,N,Rail,3,36.2,5.85,0
71,11,15,N,Rail,4,33.7,4.65,0
71,11,15,N,Rail,4,30.6,4,0
72,11,15,N,Hill,1,38.4,5.4,0
72,11,15,N,Hill,3,41.3,6.6,0
72,11,15,N,Hill,4,39.7,7.05,1
72,11,15,N,Hill,5,34.4,4.1,0
72,11,15,N,Hill,6,38.5,5.65,0
72,11,15,N,Hill,7,37.4,5.5,0
72,11,15,N,Hill,8,41.3,6.3,0
72,11,15,N,Hill,8,35.7,6.55,0
72,11,15,N,Orchard,1,37.3,7.5,0
72,11,15,N,Orchard,2,33.5,5.35,1
72,11,15,N,Orchard,3,33.6,NA,1
72,11,15,N,Orchard,4,32.5,5.85,1
72,11,15,N,Orchard,5,33.4,5.75,0
72,11,15,N,Orchard,8,34.3,6.1,1
72,11,15,N,Rail,1,46.3,6.55,0
72,11,15,N,Rail,2,36.8,5.75,0
73,11,15,N,Hill,1,37.8,5.35,0
73,11,15,N,Hill,2,34.8,6.45,0
73,11,15,N,Hill,3,34.2,5.45,0
73,11,15,N,Hill,5,36.9,6.15,0
73,11,15,N,Hill,6,34.2,5.5,0
73,11,15,N,Hill,7,35.8,5.85,0
73,11,15,N,Hill,8,35.5,6.15,0
73,11,15,N,Orchard,1,20.4,3.15,0
73,11,15,N,Orchard,2,31.9,NA,1
73,11,15,N,Orchard,3,35.9,5.35,0
73,11,15,N,Orchard,4,33.5,4.85,0
73,11,15,N,Orchard,5,32.2,4.2,0
73,11,15,N,Orchard,6,35.3,5.3,0
73,11,15,N,Orchard,7,35.1,5.4,0
73,11,15,N,Orchard,8,29.7,4.9,1
73,11,15,N,Rail,1,38.6,3.85,0
73,11,15,N,Rail,3,24.8,3.4,0
73,11,15,N,Rail,4,31.3,4.2,0
74,11,15,N,Hill,1,32.2,3.95,0
74,11,15,N,Hill,2,40.7,5.65,0
74,11,15,N,Hill,3,30.5,5,0
74,11,15,N,Hill,4,31.5,5,0
74,11,15,N,Hill,6,36.8,6.4,0
74,11,15,N,Hill,7,33.8,5.25,0
74,11,15,N,Hill,8,30,5.4,0
74,11,15,N,Orchard,1,35.6,5.55,0
74,11,15,N,Orchard,2,34,4.05,0
74,11,15,N,Orchard,3,39.2,5.6,0
74,11,15,N,Orchard,4,33.6,4.4,0
74,11,15,N,Orchard,5,39.2,5.3,0
74,11,15,N,Orchard,6,37.4,4.6,0
74,11,15,N,Orchard,7,32.2,5.2,0
74,11,15,N,Orchard,8,29.9,4,1
74,11,15,N,Rail,1,41,4.85,0
74,11,15,N,Rail,2,32.6,5.5,0
74,11,15,N,Rail,3,29.9,4.1,0
74,11,15,N,Rail,4,33,5.35,0
75,11,15,N,Hill,1,32.6,6,0
75,11,15,N,Hill,2,38.3,5.75,1
75,11,15,N,Hill,3,37.6,4.65,0
75,11,15,N,Hill,4,41.8,6,0
75,11,15,N,Hill,5,40.3,6.2,1
75,11,15,N,Hill,7,36.3,5.5,0
75,11,15,N,Orchard,1,33.1,3.95,0
75,11,15,N,Orchard,2,32.3,4.5,0
75,11,15,N,Orchard,3,39.4,5.3,0
75,11,15,N,Orchard,4,37.3,4.4,0
75,11,15,N,Orchard,5,35,4.15,1
75,11,15,N,Orchard,6,39.8,5.1,0
75,11,15,N,Orchard,7,32.3,4.1,0
75,11,15,N,Orchard,8,37.7,NA,1
75,11,15,N,Rail,1,44.3,6,1
75,11,15,N,Rail,2,38,4.95,1
75,11,15,N,Rail,4,34.8,4.8,1
76,11,15,N,Hill,1,43.9,5.5,0
76,11,15,N,Hill,2,37.4,6.05,0
76,11,15,N,Hill,3,40,4.7,0
76,11,15,N,Hill,4,37.8,5.85,0
76,11,15,N,Hill,5,37.1,5,0
76,11,15,N,Hill,8,33.1,4.85,0
76,11,15,N,Orchard,1,35.8,3.95,0
76,11,15,N,Orchard,2,34,4.4,0
76,11,15,N,Orchard,3,35.7,4.8,0
76,11,15,N,Orchard,4,34.1,4.75,0
76,11,15,N,Orchard,5,38.5,6.1,0
76,11,15,N,Orchard,6,34.6,4.5,0
76,11,15,N,Orchard,7,31.3,5.65,0
76,11,15,N,Orchard,8,28.7,4.75,0
76,11,15,N,Rail,1,37.4,4.2,0
76,11,15,N,Rail,2,55.7,6.35,0
76,11,15,N,Rail,3,39.8,5.9,0
76,11,15,N,Rail,4,26.2,3.4,0
77,11,15,N,Hill,1,39.6,6.9,1
77,11,15,N,Hill,6,41.4,6.85,0
77,11,15,N,Hill,7,34.9,5.05,0
77,11,15,N,Hill,8,33.4,4.75,0
77,11,15,N,Orchard,2,28.4,3.75,0
77,11,15,N,Orchard,3,36.1,6.4,0
77,11,15,N,Orchard,4,36.6,4.25,0
77,11,15,N,Orchard,5,38.1,6.4,1
77,11,15,N,Orchard,6,37.5,5.25,0
77,11,15,N,Orchard,7,28.2,4.1,0
77,11,15,N,Orchard,8,32.5,5.55,1
77,11,15,N,Rail,1,32.5,4.05,0
77,11,15,N,Rail,2,37.5,5.65,0
77,11,15,N,Rail,3,31.9,4.7,0
77,11,15,N,Rail,4,32,4.55,0
78,10,5,O,Hill,1,36.4,7.25,0
78,10,5,O,Hill,2,39.2,8.3,0
78,10,5,O,Hill,4,44.1,7.4,0
78,10,5,O,Hill,5,42,7.65,0
78,10,5,O,Hill,6,38.4,7.25,0
78,10,5,O,Hill,8,37.1,6.2,0
78,10,5,O,Orchard,1,36.6,5.25,0
78,10,5,O,Orchard,2,40.9,5.75,0
78,10,5,O,Orchard,3,39.8,6.05,0
78,10,5,O,Orchard,4,37,6.5,0
78,10,5,O,Orchard,5,36.1,4.95,0
78,10,5,O,Orchard,6,36.4,4.75,0
78,10,5,O,Orchard,7,34.1,6.75,0
78,10,5,O,Orchard,8,37.3,5.7,0
78,10,5,O,Rail,1,40.6,6.85,0
78,10,5,O,Rail,2,43.2,6.35,0
78,10,5,O,Rail,3,42.1,6.2,0
79,10,5,O,Hill,5,38.6,4.7,0
79,10,5,O,Hill,6,26.5,3.65,0
79,10,5,O,Hill,7,34.7,4.05,0
79,10,5,O,Hill,8,37.5,6.05,1
79,10,5,O,Orchard,1,28.9,3.25,0
79,10,5,O,Orchard,2,36.1,5.6,0
79,10,5,O,Orchard,4,35.1,4.5,0
79,10,5,O,Orchard,6,27.1,2.7,0
79,10,5,O,Orchard,8,41.2,6.75,0
79,10,5,O,Rail,1,39.3,5.65,0
79,10,5,O,Rail,3,30,4.4,0
79,10,5,O,Rail,4,34.3,5.55,0
80,10,5,O,Hill,1,36.2,6.9,0
80,10,5,O,Hill,2,41,7.65,0
80,10,5,O,Hill,4,38,8,0
80,10,5,O,Hill,5,42.7,7.65,1
80,10,5,O,Hill,6,40.5,7.95,0
80,10,5,O,Hill,7,38.1,7,0
80,10,5,O,Hill,8,40.7,8.4,0
80,10,5,O,Orchard,1,31.6,5.8,0
80,10,5,O,Orchard,2,37.3,6.15,0
80,10,5,O,Orchard,3,40.7,6,0
80,10,5,O,Orchard,4,39.3,6.05,0
80,10,5,O,Orchard,5,37.8,5.75,0
80,10,5,O,Orchard,6,40.7,5.9,0
80,10,5,O,Orchard,7,37.3,6.45,0
80,10,5,O,Orchard,8,39,6.6,0
80,10,5,O,Rail,1,43.1,6.4,0
80,10,5,O,Rail,2,38.8,7.35,0
80,10,5,O,Rail,3,34.7,5.4,0
80,10,5,O,Rail,4,41.4,6.65,0
81,10,5,O,Hill,1,42,7.9,0
81,10,5,O,Hill,2,35.8,7.6,0
81,10,5,O,Hill,3,43.6,6.95,1
81,10,5,O,Hill,4,35.3,7.05,0
81,10,5,O,Hill,5,40.5,7.3,0
81,10,5,O,Hill,6,37.2,5.8,0
81,10,5,O,Hill,7,43.4,7.85,0
81,10,5,O,Hill,8,38.8,6.7,1
81,10,5,O,Orchard,1,41,5.6,0
81,10,5,O,Orchard,2,35.4,5.05,0
81,10,5,O,Orchard,3,38.4,5.45,0
81,10,5,O,Orchard,4,37.3,5.85,0
81,10,5,O,Orchard,5,36.5,5,0
81,10,5,O,Orchard,6,34.9,5.05,0
81,10,5,O,Orchard,7,38.7,6.15,0
81,10,5,O,Orchard,8,37.6,7.35,0
81,10,5,O,Rail,1,42.2,7.25,0
81,10,5,O,Rail,2,44,5.9,0
81,10,5,O,Rail,2,38.2,7.05,0
81,10,5,O,Rail,3,37,5.75,0
81,10,5,O,Rail,3,36.5,6.35,0
81,10,5,O,Rail,4,37.1,4.65,0
82,10,5,O,Hill,1,40.2,6.4,0
82,10,5,O,Hill,2,35.7,6.85,0
82,10,5,O,Hill,3,37.1,6.3,0
82,10,5,O,Hill,4,41.5,6.55,0
82,10,5,O,Hill,5,30.8,4.65,0
82,10,5,O,Hill,6,33.4,4.6,0
82,10,5,O,Hill,7,38,6.85,0
82,10,5,O,Hill,8,33.6,6.45,0
82,10,5,O,Orchard,1,36.6,5,0
82,10,5,O,Orchard,2,31.7,4.5,0
82,10,5,O,Orchard,3,36.6,4.65,0
82,10,5,O,Orchard,4,36.4,4.85,0
82,10,5,O,Orchard,5,38.2,5.65,0
82,10,5,O,Orchard,6,40.1,5.4,1
82,10,5,O,Orchard,7,32,4.05,0
82,10,5,O,Orchard,8,32.7,5.65,0
82,10,5,O,Rail,1,38.7,5.4,1
82,10,5,O,Rail,2,43.9,4.2,0
82,10,5,O,Rail,3,36.2,5.35,1
82,10,5,O,Rail,4,38.7,6.1,0
82,10,5,O,Rail,4,40.3,6.3,0
83,10,5,O,Hill,1,35.4,6.15,0
83,10,5,O,Hill,2,30,5.2,0
83,10,5,O,Hill,3,38.7,6.75,0
83,10,5,O,Hill,6,36.1,6.4,1
83,10,5,O,Hill,7,30,4.05,0
83,10,5,O,Hill,8,28.9,3.65,0
83,10,5,O,Orchard,1,25.6,NA,1
83,10,5,O,Orchard,2,32.4,NA,1
83,10,5,O,Orchard,3,39.7,5.85,0
83,10,5,O,Orchard,4,38.3,5.2,1
83,10,5,O,Orchard,5,37,5.75,0
83,10,5,O,Orchard,6,28.7,3.4,0
83,10,5,O,Orchard,7,38.7,NA,1
83,10,5,O,Orchard,8,41.6,6.7,0
83,10,5,O,Rail,2,40.2,6.3,0
83,10,5,O,Rail,3,43.1,6.2,1
83,10,5,O,Rail,4,34.2,4.25,0
84,10,5,O,Hill,1,37.2,6.75,0
84,10,5,O,Hill,1,38.7,8.1,0
84,10,5,O,Hill,4,39.5,7.7,0
84,10,5,O,Hill,4,32.4,3.7,0
84,10,5,O,Hill,5,41.8,5.1,0
84,10,5,O,Hill,6,40.7,6.4,0
84,10,5,O,Hill,7,42.5,7.65,0
84,10,5,O,Hill,8,36.6,5.45,0
84,10,5,O,Orchard,1,36.5,5.6,0
84,10,5,O,Orchard,2,39.4,5.2,0
84,10,5,O,Orchard,3,41.1,5,0
84,10,5,O,Orchard,3,40.9,NA,1
84,10,5,O,Orchard,4,42.6,6.5,1
84,10,5,O,Orchard,5,40.8,5.8,0
84,10,5,O,Orchard,6,43.2,NA,1
84,10,5,O,Orchard,7,38.2,5.85,0
84,10,5,O,Orchard,7,39.7,6.05,0
84,10,5,O,Orchard,8,38.4,7.15,0
84,10,5,O,Rail,2,40,5.75,0
84,10,5,O,Rail,4,39.8,6.75,0
85,10,5,O,Hill,1,37.5,5.4,0
85,10,5,O,Hill,3,37.3,6.9,0
85,10,5,O,Hill,4,37.4,8,0
85,10,5,O,Hill,5,37.2,6,0
85,10,5,O,Hill,7,37.7,6.35,0
85,10,5,O,Hill,8,34.4,7.4,0
85,10,5,O,Orchard,2,40.9,5.7,0
85,10,5,O,Orchard,5,38.05,5.35,0
85,10,5,O,Orchard,6,36.8,5.25,0
85,10,5,O,Orchard,7,36.9,4.55,0
85,10,5,O,Orchard,8,43.5,7.1,1
85,10,5,O,Rail,1,41.8,6.75,0
85,10,5,O,Rail,3,41.3,6.65,0
85,10,5,O,Rail,4,31.7,4.2,0
86,10,5,O,Hill,2,47,8.15,0
86,10,5,O,Hill,3,41.2,6.7,0
86,10,5,O,Hill,4,44.3,6.95,0
86,10,5,O,Hill,5,44.3,8,0
86,10,5,O,Hill,6,35.7,5.35,1
86,10,5,O,Hill,7,41.5,6.8,0
86,10,5,O,Hill,8,34.3,5.7,0
86,10,5,O,Orchard,1,41,6.25,0
86,10,5,O,Orchard,2,39.1,5.95,0
86,10,5,O,Orchard,3,36.8,NA,1
86,10,5,O,Orchard,4,39.5,5.55,0
86,10,5,O,Orchard,5,33.26,5.1,0
86,10,5,O,Orchard,6,43.6,5.95,0
86,10,5,O,Orchard,7,33.6,5.55,0
86,10,5,O,Orchard,8,37.7,6.45,0
86,10,5,O,Rail,1,44.7,6,1
86,10,5,O,Rail,4,39.6,6.35,0
87,10,5,O,Hill,1,46,7.35,0
87,10,5,O,Hill,2,44.8,7.55,0
87,10,5,O,Hill,3,36.3,7.75,1
87,10,5,O,Hill,4,42.3,8,0
87,10,5,O,Hill,6,41.2,7.25,0
87,10,5,O,Hill,7,37.4,6.05,0
87,10,5,O,Hill,8,38.9,6.45,0
87,10,5,O,Orchard,1,36.2,5.75,0
87,10,5,O,Orchard,2,35.9,5.65,1
87,10,5,O,Orchard,3,36.2,4.9,0
87,10,5,O,Orchard,4,39.9,6.55,0
87,10,5,O,Orchard,5,40.9,5.7,0
87,10,5,O,Orchard,6,35.8,3.85,0
87,10,5,O,Orchard,7,40.1,5.7,0
87,10,5,O,Orchard,8,41.2,6.25,0
87,10,5,O,Rail,1,40.4,6.35,0
87,10,5,O,Rail,2,38.9,6.05,0
87,10,5,O,Rail,3,33.9,5.45,1
87,10,5,O,Rail,4,43.4,6.2,0
88,10,5,O,Hill,7,29.2,4.5,0
88,10,5,O,Orchard,4,42,5.7,0
88,10,5,O,Orchard,5,36.73,5.2,0
88,10,5,O,Rail,3,35.2,5.05,0
89,10,5,O,Hill,2,39.8,6.55,0
89,10,5,O,Hill,4,43.1,7.2,0
89,10,5,O,Hill,5,34.9,5.4,0
89,10,5,O,Hill,6,35.1,5,0
89,10,5,O,Hill,7,40,7,0
89,10,5,O,Hill,8,31.7,4.65,0
89,10,5,O,Orchard,2,39.8,5.8,0
89,10,5,O,Orchard,3,39.7,4.95,0
89,10,5,O,Orchard,5,36.9,3.75,0
89,10,5,O,Orchard,6,34.8,4.6,0
89,10,5,O,Orchard,7,41.5,5.5,0
89,10,5,O,Orchard,8,21.5,3.05,0
89,10,5,O,Rail,1,42.8,6.2,0
89,10,5,O,Rail,2,39.4,4.95,0
89,10,5,O,Rail,4,29.9,5.15,0
90,10,5,O,Hill,3,30.8,5.05,0
90,10,5,O,Hill,6,33.4,4.9,0
90,10,5,O,Hill,7,37.4,6.5,0
90,10,5,O,Hill,8,33.6,4.45,0
90,10,5,O,Orchard,3,39.7,NA,1
90,10,5,O,Orchard,5,32.04,2.6,0
90,10,5,O,Orchard,7,32.3,5.2,0
91,10,5,O,Hill,2,43.4,7.55,0
91,10,5,O,Hill,3,37,8.1,0
91,10,5,O,Hill,5,38.6,6.7,0
91,10,5,O,Hill,6,37,8.2,0
91,10,5,O,Hill,8,26.7,5.7,0
91,10,5,O,Orchard,1,39.8,6.4,0
91,10,5,O,Orchard,2,38.4,6.7,0
91,10,5,O,Orchard,3,40.2,5,0
91,10,5,O,Orchard,6,40.6,6.6,0
91,10,5,O,Orchard,7,25.8,4.05,0
91,10,5,O,Orchard,8,41,7.5,0
91,10,5,O,Rail,1,35.1,4.35,1
91,10,5,O,Rail,2,41.4,6.8,0
91,10,5,O,Rail,4,38.9,7.05,0
92,10,5,O,Hill,2,44.4,7.85,0
92,10,5,O,Hill,3,40.9,5.55,0
92,10,5,O,Hill,4,35.8,5,0
92,10,5,O,Hill,5,44.5,6.95,0
92,10,5,O,Hill,6,39.1,4.1,0
92,10,5,O,Hill,7,40.2,6.35,0
92,10,5,O,Hill,8,38.3,5.45,1
92,10,5,O,Orchard,1,35.8,5.65,0
92,10,5,O,Orchard,2,38.3,5.35,0
92,10,5,O,Orchard,3,33.4,5.25,0
92,10,5,O,Orchard,4,34.3,3.8,0
92,10,5,O,Orchard,5,34,4.25,0
92,10,5,O,Orchard,6,38.9,5.1,0
92,10,5,O,Orchard,7,39.9,5.6,0
92,10,5,O,Orchard,8,36.9,4.45,0
93,10,5,O,Hill,1,33.7,5.25,0
93,10,5,O,Hill,4,35.7,4.3,0
93,10,5,O,Hill,5,36.5,6.5,0
93,10,5,O,Hill,6,34.1,5.05,0
93,10,5,O,Hill,7,36.7,5.95,0
93,10,5,O,Hill,8,37.6,6.35,1
93,10,5,O,Orchard,1,34.2,5.55,0
93,10,5,O,Orchard,2,27.6,2.3,0
93,10,5,O,Orchard,3,28.8,3.4,0
93,10,5,O,Orchard,4,37,5.35,0
93,10,5,O,Orchard,5,30.7,4.3,0
93,10,5,O,Orchard,6,35.5,4.3,0
93,10,5,O,Orchard,7,40.1,5.9,0
93,10,5,O,Orchard,8,34.3,5.5,0
93,10,5,O,Rail,1,39.9,4.25,0
93,10,5,O,Rail,2,41.2,4.95,0
93,10,5,O,Rail,3,29.3,4.2,0
94,10,5,O,Hill,1,40.4,5.85,0
94,10,5,O,Hill,2,34.9,6.95,0
94,10,5,O,Hill,3,35.2,6.1,0
94,10,5,O,Hill,4,36.8,5.8,0
94,10,5,O,Hill,5,40.2,6.9,0
94,10,5,O,Hill,6,36,5.5,0
94,10,5,O,Hill,7,39.7,6.35,0
94,10,5,O,Hill,8,40.9,5.85,0
94,10,5,O,Orchard,1,38.5,4.2,0
94,10,5,O,Orchard,2,37.2,4.15,0
94,10,5,O,Orchard,3,31.4,5.45,0
94,10,5,O,Orchard,4,35.8,5.3,0
94,10,5,O,Orchard,5,39.34,5.2,0
94,10,5,O,Orchard,6,40.5,5.6,0
94,10,5,O,Orchard,7,38.6,6.45,0
94,10,5,O,Orchard,8,37.1,4.95,0
94,10,5,O,Rail,2,42.4,5,0
94,10,5,O,Rail,3,34.8,4.75,0
94,10,5,O,Rail,4,41.1,6,0
95,10,5,O,Hill,3,36.4,6,0
95,10,5,O,Hill,6,36.1,3.65,0
95,10,5,O,Hill,7,37.8,6.4,0
95,10,5,O,Rail,1,38.6,5.25,0
95,10,5,O,Rail,4,38.5,5.3,0
96,10,5,O,Hill,2,26.4,3.35,0
96,10,5,O,Hill,4,40.4,6.5,0
96,10,5,O,Hill,5,37,6.45,0
96,10,5,O,Orchard,1,38.8,5.25,0
96,10,5,O,Orchard,2,26.1,3.1,0
96,10,5,O,Orchard,4,37.4,5.45,0
96,10,5,O,Orchard,5,39,5.25,0
96,10,5,O,Orchard,6,30.7,3.5,0
96,10,5,O,Orchard,7,29.2,3.65,0
96,10,5,O,Rail,3,29.4,5.15,0
97,10,5,O,Hill,2,33.6,5.9,0
97,10,5,O,Hill,5,36.8,6.9,0
97,10,5,O,Hill,6,38,6.9,0
97,10,5,O,Hill,7,38.6,6.6,1
97,10,5,O,Hill,8,31.6,7.5,0
97,10,5,O,Orchard,1,41.1,6.05,0
97,10,5,O,Orchard,1,33.1,6.9,0
97,10,5,O,Orchard,2,37.5,6.2,0
97,10,5,O,Orchard,3,44.3,6.15,0
97,10,5,O,Orchard,3,40.5,6.6,0
97,10,5,O,Orchard,4,40.7,6,0
97,10,5,O,Orchard,4,39.4,5.5,0
97,10,5,O,Orchard,5,36.57,5.3,0
97,10,5,O,Orchard,6,36,5,0
97,10,5,O,Orchard,7,37.8,5.75,0
97,10,5,O,Orchard,8,32.1,6.2,0
97,10,5,O,Rail,1,36.2,5.4,0
97,10,5,O,Rail,2,38,6.75,0
97,10,5,O,Rail,2,38.5,6.4,0
97,10,5,O,Rail,3,38,6.2,0
97,10,5,O,Rail,4,37.7,5.85,0
98,10,5,O,Hill,1,36.4,8,0
98,10,5,O,Hill,3,41.6,6.15,0
98,10,5,O,Hill,4,44.1,7.5,0
98,10,5,O,Hill,5,41.4,7.45,0
98,10,5,O,Hill,6,44.8,7.35,0
98,10,5,O,Hill,8,37.5,6.2,0
98,10,5,O,Orchard,1,35.9,5,0
98,10,5,O,Orchard,2,41.8,5.6,0
98,10,5,O,Orchard,3,40.7,5.3,0
98,10,5,O,Orchard,4,41.7,5.15,0
98,10,5,O,Orchard,5,38.5,5.05,0
98,10,5,O,Orchard,6,39.4,5.55,0
98,10,5,O,Orchard,7,31.2,4.75,0
98,10,5,O,Orchard,8,40.8,6.55,0
98,10,5,O,Rail,1,32.5,5,0
98,10,5,O,Rail,2,43.2,6.65,0
98,10,5,O,Rail,3,39.7,6.5,0
98,10,5,O,Rail,4,42.5,6.25,0
99,12,7,P,Hill,1,26.3,3.65,0
99,12,7,P,Hill,2,31.9,4.45,0
99,12,7,P,Hill,3,31.8,4.2,0
99,12,7,P,Hill,5,32.8,5.35,0
99,12,7,P,Hill,7,37.8,4.85,0
99,12,7,P,Orchard,1,29,4.9,0
99,12,7,P,Orchard,2,25.7,3.35,0
99,12,7,P,Orchard,3,35.2,4.95,0
99,12,7,P,Orchard,4,29.6,3.65,0
99,12,7,P,Orchard,6,24.1,2.35,0
99,12,7,P,Orchard,7,33,4.2,0
99,12,7,P,Orchard,8,24.4,2.7,0
99,12,7,P,Rail,1,32.9,4.35,0
99,12,7,P,Rail,2,35,5.7,0
99,12,7,P,Rail,3,30.2,3.45,0
100,12,7,P,Hill,8,24.8,4.95,0
100,12,7,P,Orchard,2,30.8,5.3,0
100,12,7,P,Orchard,3,25.4,3.05,0
100,12,7,P,Orchard,4,19.2,2.3,0
100,12,7,P,Orchard,8,22.4,2.5,0
101,12,7,P,Hill,1,34.8,5.75,0
101,12,7,P,Hill,2,37.5,5.4,0
101,12,7,P,Hill,4,39.9,6.4,1
101,12,7,P,Hill,7,33.9,5.3,1
101,12,7,P,Hill,8,32.6,5.7,1
101,12,7,P,Orchard,1,36.4,5.5,0
101,12,7,P,Orchard,2,33.1,NA,1
101,12,7,P,Orchard,3,36.3,5.6,0
101,12,7,P,Orchard,4,33.9,5.45,0
101,12,7,P,Orchard,5,33,4.9,0
101,12,7,P,Orchard,6,33.7,5.1,1
101,12,7,P,Orchard,7,33.3,5.35,0
101,12,7,P,Orchard,8,30.8,5.05,0
101,12,7,P,Rail,2,32.7,5.35,0
102,12,7,P,Hill,1,34.6,6.25,0
102,12,7,P,Hill,2,35.5,6.25,0
102,12,7,P,Hill,3,29.5,4.05,0
102,12,7,P,Hill,4,38.4,7.4,0
102,12,7,P,Hill,5,37.3,7.15,0
102,12,7,P,Hill,6,23.1,5.5,0
102,12,7,P,Hill,7,28,3.85,0
102,12,7,P,Hill,8,31.6,5.35,0
102,12,7,P,Orchard,2,32,4.1,0
102,12,7,P,Orchard,3,34.6,5.85,0
102,12,7,P,Orchard,4,35.3,6.85,1
102,12,7,P,Orchard,6,32.1,4.9,0
102,12,7,P,Orchard,8,30.2,3.95,0
102,12,7,P,Rail,1,36.8,6.5,0
102,12,7,P,Rail,2,36.8,4.55,0
102,12,7,P,Rail,3,34,6.05,0
102,12,7,P,Rail,4,24.8,3.25,0
103,12,7,P,Hill,4,33.4,4.3,0
103,12,7,P,Hill,6,25.4,4.1,0
103,12,7,P,Hill,8,30.6,6.05,0
104,12,7,P,Hill,7,35.7,7.2,0
104,12,7,P,Hill,8,34.9,5.4,0
104,12,7,P,Orchard,1,39.4,7.65,0
104,12,7,P,Orchard,3,39.2,6,0
104,12,7,P,Orchard,5,39.22,6.1,0
104,12,7,P,Orchard,6,33.5,4.45,0
104,12,7,P,Orchard,7,38.5,5.85,0
104,12,7,P,Orchard,8,40.8,6.7,0
104,12,7,P,Rail,1,39.7,5.8,0
105,12,7,P,Hill,2,41.7,6.9,0
105,12,7,P,Hill,3,33.9,6.15,0
105,12,7,P,Orchard,2,36.1,5.25,0
105,12,7,P,Orchard,4,37.7,5.4,0
105,12,7,P,Orchard,5,32.28,3.75,0
105,12,7,P,Orchard,6,30.7,4.65,0
105,12,7,P,Orchard,7,35.9,5.85,0
105,12,7,P,Orchard,8,32.3,5.4,0
105,12,7,P,Rail,3,32.7,4.7,0
106,12,7,P,Hill,1,31.3,5,0
106,12,7,P,Hill,2,26.4,3.95,0
106,12,7,P,Hill,3,36.3,5.5,0
106,12,7,P,Hill,4,38.1,6,0
106,12,7,P,Hill,5,29.8,4.35,0
106,12,7,P,Hill,6,35.1,5.45,0
106,12,7,P,Hill,7,35.6,6.95,0
106,12,7,P,Hill,8,30.8,5.05,0
106,12,7,P,Orchard,1,39.8,6,0
106,12,7,P,Orchard,2,36.9,4.25,0
106,12,7,P,Orchard,3,28.3,4.5,0
106,12,7,P,Orchard,4,37.1,5.2,0
106,12,7,P,Orchard,5,35.63,5.5,0
106,12,7,P,Orchard,6,33.1,4,0
106,12,7,P,Orchard,7,35.3,5.85,0
106,12,7,P,Orchard,8,34.4,5.25,0
106,12,7,P,Rail,1,40.7,6.25,0
106,12,7,P,Rail,2,36.8,4.7,0
106,12,7,P,Rail,3,33,5.75,0
106,12,7,P,Rail,4,38.2,4.55,0
107,12,7,P,Hill,1,34.5,4.95,0
107,12,7,P,Hill,2,37.6,7.05,1
107,12,7,P,Hill,3,37.8,7.45,0
107,12,7,P,Hill,5,37.4,6.7,0
107,12,7,P,Hill,6,37.5,5.9,0
107,12,7,P,Hill,7,34.8,8,0
107,12,7,P,Hill,8,39.4,6,0
107,12,7,P,Orchard,1,31.4,5.45,0
107,12,7,P,Orchard,2,35.2,NA,1
107,12,7,P,Orchard,3,39.3,NA,1
107,12,7,P,Orchard,4,33.8,NA,1
107,12,7,P,Orchard,5,38.2,5.9,0
107,12,7,P,Orchard,7,36.2,6,0
107,12,7,P,Orchard,8,35.5,6.25,0
107,12,7,P,Rail,1,35.6,6.4,0
107,12,7,P,Rail,2,39.2,6.35,0
107,12,7,P,Rail,3,36.2,6.1,0
107,12,7,P,Rail,4,35,5.95,0
108,12,7,P,Hill,3,22.3,3.9,0
108,12,7,P,Hill,6,31.9,4.45,0
108,12,7,P,Hill,8,28.7,5,0
108,12,7,P,Orchard,1,33.6,5.25,0
108,12,7,P,Orchard,2,33.7,NA,1
108,12,7,P,Orchard,4,33.6,4.95,0
108,12,7,P,Rail,1,30.4,4.15,0
108,12,7,P,Rail,3,32.3,4.4,0
109,12,7,P,Hill,2,38.9,6.6,0
109,12,7,P,Hill,3,33.1,4.8,0
109,12,7,P,Hill,4,31.4,4.35,0
109,12,7,P,Hill,5,31.3,3.85,0
109,12,7,P,Hill,6,32.2,5,0
109,12,7,P,Hill,7,33.7,5.35,0
109,12,7,P,Hill,8,22.4,4.1,0
109,12,7,P,Orchard,1,37.9,7.35,0
109,12,7,P,Orchard,2,26.4,2.95,0
109,12,7,P,Orchard,3,33.2,3.7,0
109,12,7,P,Orchard,4,39.7,7,0
109,12,7,P,Orchard,5,37.4,5.8,0
109,12,7,P,Orchard,6,38.8,6.1,0
109,12,7,P,Orchard,8,31.1,6.2,0
109,12,7,P,Rail,1,32.6,5,0
109,12,7,P,Rail,2,45.3,7.1,0
109,12,7,P,Rail,3,31.1,4.4,0
109,12,7,P,Rail,4,27,4,0
110,12,7,P,Hill,4,36.6,6.7,0
110,12,7,P,Hill,5,33.5,4.35,0
110,12,7,P,Orchard,3,34.1,4.55,0
110,12,7,P,Orchard,5,37.41,4.95,0
110,12,7,P,Orchard,6,28.1,3,0
110,12,7,P,Orchard,8,37,6.5,0
111,12,7,P,Hill,1,32.6,5.95,0
111,12,7,P,Hill,2,33,5.65,0
111,12,7,P,Hill,3,31.1,5.45,0
111,12,7,P,Hill,4,39.7,7.35,0
111,12,7,P,Hill,5,35.6,5.75,0
111,12,7,P,Hill,6,33.1,6.2,0
111,12,7,P,Hill,7,35.8,6.6,0
111,12,7,P,Hill,8,32.6,4.95,0
111,12,7,P,Orchard,1,36,5.85,0
111,12,7,P,Orchard,2,34.1,4.35,0
111,12,7,P,Orchard,3,34.5,5.2,0
111,12,7,P,Orchard,4,36.7,5.05,0
111,12,7,P,Orchard,5,42.1,6.1,0
111,12,7,P,Orchard,6,30.1,3.65,0
111,12,7,P,Orchard,7,32.5,5.05,0
111,12,7,P,Rail,1,37.7,6.85,0
111,12,7,P,Rail,2,36.2,4.5,0
111,12,7,P,Rail,3,37.9,6.75,0
111,12,7,P,Rail,4,32.8,4.5,1
112,17,1,Q,Hill,2,40.2,6.4,0
112,17,1,Q,Hill,3,40.4,7.25,0
112,17,1,Q,Hill,4,38.1,6.55,0
112,17,1,Q,Hill,5,32.8,4.85,0
112,17,1,Q,Hill,6,36.6,5.95,0
112,17,1,Q,Hill,7,34.5,5.5,1
112,17,1,Q,Hill,8,27.1,4.5,0
112,17,1,Q,Orchard,1,31.5,4.55,0
112,17,1,Q,Orchard,2,33.4,4.55,0
112,17,1,Q,Orchard,3,39.1,5.75,0
112,17,1,Q,Orchard,4,35.8,4.05,0
112,17,1,Q,Orchard,5,37.49,4.55,0
112,17,1,Q,Orchard,6,37.2,4.45,0
112,17,1,Q,Orchard,7,33.8,6.5,0
112,17,1,Q,Orchard,8,34.4,5.95,0
112,17,1,Q,Rail,1,42.2,6.3,0
112,17,1,Q,Rail,2,39.8,6.25,0
112,17,1,Q,Rail,3,37.6,5.15,0
112,17,1,Q,Rail,4,37.4,6.15,0
113,17,1,Q,Hill,1,36.1,6.5,0
113,17,1,Q,Hill,3,34.5,5.55,0
113,17,1,Q,Hill,5,29,4.2,1
113,17,1,Q,Hill,7,36.1,6.75,0
113,17,1,Q,Orchard,1,31.4,4.25,0
113,17,1,Q,Orchard,4,32,NA,1
113,17,1,Q,Orchard,5,36.2,4.8,0
113,17,1,Q,Orchard,6,34.2,3.8,0
113,17,1,Q,Orchard,7,36.1,5.4,0
113,17,1,Q,Rail,2,40.1,5.7,0
113,17,1,Q,Rail,3,39,6.15,0
114,17,1,Q,Hill,1,38.1,6.9,0
114,17,1,Q,Hill,3,33.1,6.35,0
114,17,1,Q,Hill,4,35.7,7.55,0
114,17,1,Q,Hill,7,35.6,5.4,0
114,17,1,Q,Hill,8,35.4,6.05,0
114,17,1,Q,Orchard,1,39.1,5.35,0
114,17,1,Q,Orchard,2,35.9,5.8,0
114,17,1,Q,Orchard,3,36.9,5.4,0
114,17,1,Q,Orchard,4,39,5.25,0
115,17,1,Q,Hill,4,35.2,5.95,0
115,17,1,Q,Hill,7,35.2,6.6,0
115,17,1,Q,Orchard,5,40.2,5.05,0
115,17,1,Q,Orchard,6,40.1,5.6,0
115,17,1,Q,Rail,2,43.3,7.6,0
115,17,1,Q,Rail,3,36.5,4.05,0
116,17,1,Q,Hill,1,36.1,6.3,0
116,17,1,Q,Hill,3,34,6.8,0
116,17,1,Q,Hill,4,33,5,0
116,17,1,Q,Hill,5,41.6,6.2,0
116,17,1,Q,Hill,6,32.4,7.35,0
116,17,1,Q,Hill,7,36.1,6.1,0
116,17,1,Q,Hill,8,41.6,7.05,0
116,17,1,Q,Orchard,1,38.2,7.35,0
116,17,1,Q,Orchard,2,37.2,5.3,0
116,17,1,Q,Orchard,3,42.9,6.05,0
116,17,1,Q,Orchard,4,35.9,4.7,0
116,17,1,Q,Orchard,5,41.58,5.4,0
116,17,1,Q,Orchard,6,41.8,6.35,0
116,17,1,Q,Orchard,7,35.5,5.8,0
116,17,1,Q,Orchard,8,37.5,6.8,0
116,17,1,Q,Rail,1,42.2,6.5,0
116,17,1,Q,Rail,2,41.4,6.35,0
116,17,1,Q,Rail,3,35.1,5.4,0
116,17,1,Q,Rail,4,36.8,6.05,0
117,17,1,Q,Hill,1,30,4.7,0
117,17,1,Q,Hill,2,36.3,5.65,0
117,17,1,Q,Hill,3,38,5.1,0
117,17,1,Q,Hill,6,39.8,6.1,0
117,17,1,Q,Hill,7,35.8,5.45,0
117,17,1,Q,Hill,8,39.5,5.4,0
117,17,1,Q,Orchard,1,38.9,4.35,0
117,17,1,Q,Orchard,2,39.6,4.65,0
117,17,1,Q,Orchard,3,23.1,3.45,0
117,17,1,Q,Orchard,4,36.3,3.25,0
117,17,1,Q,Orchard,5,36.1,4.15,0
117,17,1,Q,Orchard,6,35.5,4.65,0
117,17,1,Q,Orchard,7,33.1,4.95,0
117,17,1,Q,Orchard,8,39.2,5.8,0
117,17,1,Q,Rail,1,39.1,4.55,0
117,17,1,Q,Rail,2,37.6,5.35,0
117,17,1,Q,Rail,3,40.1,6.35,0
118,17,1,Q,Hill,2,33.5,5.75,0
118,17,1,Q,Hill,3,37.8,7.2,0
118,17,1,Q,Hill,4,39.3,7.3,0
118,17,1,Q,Orchard,4,35.7,NA,1
118,17,1,Q,Rail,1,42.7,7.2,0
118,17,1,Q,Rail,4,40.4,5.4,0
119,17,1,Q,Hill,4,35.7,6.8,0
119,17,1,Q,Hill,6,40.2,6.4,0
119,17,1,Q,Orchard,3,37.3,5.85,0
119,17,1,Q,Orchard,4,34.9,5.7,0
119,17,1,Q,Orchard,8,36.1,6.15,0
119,17,1,Q,Rail,1,41.7,6.3,0
120,17,1,Q,Hill,1,41.8,6.9,0
120,17,1,Q,Hill,2,34.6,6.35,0
120,17,1,Q,Hill,3,34.1,6.5,0
120,17,1,Q,Hill,4,36.5,7.1,0
120,17,1,Q,Hill,5,39.2,6.25,0
120,17,1,Q,Hill,6,38.7,6.9,0
120,17,1,Q,Hill,7,37,5.2,0
120,17,1,Q,Hill,8,36.8,5.55,1
120,17,1,Q,Orchard,1,37.4,6.05,0
120,17,1,Q,Orchard,2,37.3,5.05,0
120,17,1,Q,Orchard,3,28.5,5.1,0
120,17,1,Q,Orchard,4,36.3,5.6,0
120,17,1,Q,Orchard,5,40.6,6,0
120,17,1,Q,Orchard,6,34.9,NA,1
120,17,1,Q,Orchard,7,33.9,5.45,0
120,17,1,Q,Orchard,8,30.7,5.5,0
120,17,1,Q,Rail,1,40,5.75,0
120,17,1,Q,Rail,2,41.1,5.9,0
120,17,1,Q,Rail,3,37.3,4.45,0
120,17,1,Q,Rail,4,37,6.05,0
121,17,1,Q,Hill,2,26.3,3.4,0
121,17,1,Q,Hill,3,39.7,5.75,0
121,17,1,Q,Hill,5,44.3,6.5,0
121,17,1,Q,Hill,8,26,6.35,0
121,17,1,Q,Rail,4,28.5,5.55,0
122,17,1,Q,Hill,1,35.9,6.4,1
122,17,1,Q,Hill,2,33.5,5.15,0
122,17,1,Q,Hill,5,40.9,6.5,0
122,17,1,Q,Orchard,1,43.4,6.85,0
122,17,1,Q,Orchard,2,38.8,5.9,0
122,17,1,Q,Orchard,3,40.2,5.9,0
122,17,1,Q,Orchard,4,36,5.95,0
122,17,1,Q,Orchard,7,39.3,7.15,0
122,17,1,Q,Orchard,8,40,6.95,0
122,17,1,Q,Rail,1,46.7,7.2,0
122,17,1,Q,Rail,4,36.8,6.7,0
123,17,1,Q,Hill,1,42.2,7.45,0
123,17,1,Q,Hill,2,37,5.35,0
123,17,1,Q,Hill,4,41.3,7.7,0
123,17,1,Q,Hill,5,34.7,5.9,0
123,17,1,Q,Hill,6,40.7,6.8,0
123,17,1,Q,Hill,7,41.1,7.1,0
123,17,1,Q,Orchard,1,36.2,5.1,0
123,17,1,Q,Orchard,2,35,5.9,0
123,17,1,Q,Orchard,3,41.3,6.7,0
123,17,1,Q,Orchard,4,37.1,5.85,0
123,17,1,Q,Orchard,5,45.7,7,0
123,17,1,Q,Orchard,6,41.4,6.4,0
123,17,1,Q,Orchard,7,38.6,6.7,0
123,17,1,Q,Orchard,8,40.7,8.15,0
123,17,1,Q,Rail,1,42.7,6.35,0
123,17,1,Q,Rail,2,33.4,5.8,0
123,17,1,Q,Rail,3,42.7,6.4,0
123,17,1,Q,Rail,4,40.3,6.3,0
124,17,1,Q,Hill,2,38.4,6.6,0
124,17,1,Q,Hill,4,27.5,6.55,0
124,17,1,Q,Hill,6,35.8,4.8,0
124,17,1,Q,Hill,8,39.8,6.75,0
124,17,1,Q,Orchard,2,28,3.45,0
124,17,1,Q,Orchard,3,24.9,NA,0
124,17,1,Q,Orchard,8,35.4,6.4,0
124,17,1,Q,Rail,1,25.9,4.9,0
125,17,1,Q,Hill,1,40.4,7.2,0
125,17,1,Q,Hill,2,41.5,8.45,0
125,17,1,Q,Hill,3,37.1,6.2,0
125,17,1,Q,Hill,4,41.7,8.05,0
125,17,1,Q,Hill,5,39.6,6.1,0
125,17,1,Q,Hill,6,38.6,6.2,0
125,17,1,Q,Hill,7,39.8,8.45,0
125,17,1,Q,Hill,8,27.2,5.4,0
125,17,1,Q,Orchard,1,41.1,7,0
125,17,1,Q,Orchard,2,35.5,5.95,0
125,17,1,Q,Orchard,3,38.2,5.8,0
125,17,1,Q,Orchard,4,39.1,6.55,0
125,17,1,Q,Orchard,5,44.3,6.8,0
125,17,1,Q,Orchard,6,41.3,6.8,0
125,17,1,Q,Orchard,7,33.8,5.95,0
125,17,1,Q,Orchard,8,35.5,6.15,0
125,17,1,Q,Rail,1,45.6,7.6,0
125,17,1,Q,Rail,2,37.4,6.4,0
125,17,1,Q,Rail,3,41.3,6.6,0
125,17,1,Q,Rail,4,32.3,6.35,0
126,17,1,Q,Hill,1,40.4,6.25,0
126,17,1,Q,Hill,3,30.5,6.8,0
126,17,1,Q,Hill,4,42.2,7.3,0
126,17,1,Q,Hill,5,36.3,6.1,0
126,17,1,Q,Hill,6,38.9,4.3,0
126,17,1,Q,Orchard,1,34.7,5.5,0
126,17,1,Q,Orchard,2,32.2,3.65,0
126,17,1,Q,Orchard,4,43.4,6.45,0
126,17,1,Q,Orchard,5,39.63,5.3,0
126,17,1,Q,Orchard,6,37.5,5.4,0
126,17,1,Q,Orchard,7,29.2,4.8,0
126,17,1,Q,Orchard,8,33,4.15,0
126,17,1,Q,Rail,1,37.6,4.5,0
126,17,1,Q,Rail,2,38.8,5.6,0
126,17,1,Q,Rail,3,34,5.4,0
126,17,1,Q,Rail,4,37,5.3,0
127,17,1,Q,Hill,2,38.9,5.3,0
127,17,1,Q,Hill,3,44.7,6.9,0
127,17,1,Q,Hill,5,39.1,5.3,0
127,17,1,Q,Hill,6,37.7,7,0
127,17,1,Q,Hill,8,32.1,5.9,0
127,17,1,Q,Orchard,1,38.6,5.85,0
127,17,1,Q,Orchard,2,40.1,5.45,0
127,17,1,Q,Orchard,3,43.7,6.05,0
127,17,1,Q,Orchard,4,38.2,5.65,0
127,17,1,Q,Orchard,5,42.7,5.95,0
127,17,1,Q,Orchard,6,36.6,4.75,0
127,17,1,Q,Orchard,7,31.3,4,0
127,17,1,Q,Orchard,8,40.2,5.95,0
127,17,1,Q,Rail,1,39.5,5.1,0
127,17,1,Q,Rail,2,43.5,6.6,0
127,17,1,Q,Rail,3,37.5,5.6,0
127,17,1,Q,Rail,4,41.6,5.8,0
128,17,1,Q,Hill,1,36.3,7.25,0
128,17,1,Q,Hill,2,42,6.4,0
128,17,1,Q,Hill,3,39.6,6.3,0
128,17,1,Q,Hill,4,42.3,6.05,0
128,17,1,Q,Hill,5,35.6,4.75,0
128,17,1,Q,Hill,6,39.2,6.9,0
128,17,1,Q,Hill,7,40.6,5.5,0
128,17,1,Q,Hill,8,41.9,6.95,0
128,17,1,Q,Orchard,1,36.3,6,0
128,17,1,Q,Orchard,2,41.6,5.7,0
128,17,1,Q,Orchard,3,38.2,5.35,0
128,17,1,Q,Orchard,4,40.9,5.85,0
128,17,1,Q,Orchard,5,35.7,5.4,0
128,17,1,Q,Orchard,6,36.6,4.8,1
128,17,1,Q,Orchard,7,38.2,8.05,0
128,17,1,Q,Orchard,8,30.3,5.05,0
128,17,1,Q,Rail,1,38.7,6.85,0
128,17,1,Q,Rail,2,40.5,6.7,0
128,17,1,Q,Rail,3,37.3,5.6,0
128,17,1,Q,Rail,4,35.2,5.75,0
129,17,1,Q,Hill,2,40.1,5.35,0
129,17,1,Q,Hill,3,38.2,5.45,0
129,17,1,Q,Hill,4,44.4,7.6,0
129,17,1,Q,Hill,6,40.8,7.35,0
129,17,1,Q,Hill,7,42,7.05,0
129,17,1,Q,Hill,8,42.6,6.7,0
129,17,1,Q,Orchard,1,42.3,6.3,0
129,17,1,Q,Orchard,2,42.4,5.3,0
129,17,1,Q,Orchard,3,41.5,6.25,0
129,17,1,Q,Orchard,4,40.4,5.05,0
129,17,1,Q,Orchard,5,41.6,6,0
129,17,1,Q,Orchard,6,42.5,5.15,0
129,17,1,Q,Orchard,7,43.7,6.7,1
129,17,1,Q,Orchard,8,33.7,6.55,1
129,17,1,Q,Rail,1,46.6,7.05,0
129,17,1,Q,Rail,2,38.4,5.95,0
129,17,1,Q,Rail,3,38.7,7.2,0
129,17,1,Q,Rail,4,44,7.6,0
130,17,1,Q,Hill,1,40.6,7.4,0
130,17,1,Q,Hill,2,31,4,0
130,17,1,Q,Hill,3,35.8,6.4,0
130,17,1,Q,Hill,4,40.7,7.05,0
130,17,1,Q,Hill,5,38.8,5.8,0
130,17,1,Q,Hill,6,37.7,5.8,0
130,17,1,Q,Hill,7,40.4,6.45,0
130,17,1,Q,Hill,8,37.5,4.35,0
130,17,1,Q,Orchard,1,36.5,4.35,0
130,17,1,Q,Orchard,2,30.4,NA,1
130,17,1,Q,Orchard,3,39.4,6.1,0
130,17,1,Q,Orchard,4,39.1,5.35,0
130,17,1,Q,Orchard,5,45.1,6.2,0
130,17,1,Q,Orchard,6,35.5,5,0
130,17,1,Q,Orchard,7,28.7,4.95,0
130,17,1,Q,Rail,1,40,6.05,0
130,17,1,Q,Rail,2,36.9,5.3,0
130,17,1,Q,Rail,3,35.4,6.75,0
130,17,1,Q,Rail,4,40.6,5.65,0
131,17,1,Q,Hill,2,34.6,7,0
131,17,1,Q,Hill,5,40.3,8.35,0
131,17,1,Q,Orchard,1,37.7,5.9,0
131,17,1,Q,Orchard,2,35.1,6.2,0
131,17,1,Q,Orchard,3,30.6,5.1,0
131,17,1,Q,Orchard,4,37.7,5.6,0
131,17,1,Q,Orchard,6,34.2,5.35,0
131,17,1,Q,Orchard,7,39.8,6.15,0
131,17,1,Q,Orchard,8,35.7,7.3,0
131,17,1,Q,Rail,1,41,NA,1
131,17,1,Q,Rail,2,37.9,6.25,0
131,17,1,Q,Rail,3,37.8,5.4,0
131,17,1,Q,Rail,4,39.7,6.85,0
132,17,1,Q,Hill,7,40,6.1,0
132,17,1,Q,Orchard,1,37.1,5.55,0
132,17,1,Q,Orchard,2,42.9,5.9,0
132,17,1,Q,Orchard,5,37.77,4.1,0
132,17,1,Q,Orchard,6,34.4,6.15,0
132,17,1,Q,Orchard,7,38,6.5,0
132,17,1,Q,Rail,2,43,6.85,0
132,17,1,Q,Rail,3,30.8,4.65,0
133,17,1,Q,Hill,3,38.9,7.2,0
133,17,1,Q,Hill,4,37.8,6.85,0
133,17,1,Q,Hill,5,38.7,6.5,0
133,17,1,Q,Hill,7,36.4,6.5,0
133,17,1,Q,Hill,8,40.7,6.4,0
133,17,1,Q,Orchard,1,33.3,NA,1
133,17,1,Q,Orchard,2,32.7,4.2,0
133,17,1,Q,Orchard,3,41.3,5.3,0
133,17,1,Q,Orchard,4,36,4.6,0
133,17,1,Q,Orchard,5,39.3,5.95,0
133,17,1,Q,Orchard,6,35.5,4.35,0
133,17,1,Q,Orchard,7,35.4,5.25,0
133,17,1,Q,Orchard,8,39.6,6.65,0
133,17,1,Q,Rail,2,39.2,5.75,0
134,17,1,Q,Hill,4,36.4,6.4,0
134,17,1,Q,Hill,8,31.2,4.05,0
134,17,1,Q,Orchard,5,40.5,5.6,0
135,17,1,Q,Hill,3,35.7,5.55,0
135,17,1,Q,Hill,4,36.8,6.05,1
135,17,1,Q,Hill,5,30.7,4.5,0
135,17,1,Q,Hill,6,32.6,5.65,0
135,17,1,Q,Hill,7,34.1,5.05,0
135,17,1,Q,Hill,8,35.1,5.95,0
135,17,1,Q,Orchard,1,34.6,5.4,0
135,17,1,Q,Orchard,2,35.7,4.35,0
135,17,1,Q,Orchard,3,32.5,4.15,0
135,17,1,Q,Orchard,4,34.8,4.35,1
135,17,1,Q,Orchard,5,40.8,5.05,0
135,17,1,Q,Orchard,6,33.8,5.3,0
135,17,1,Q,Orchard,7,26.3,2.95,0
135,17,1,Q,Orchard,8,34.5,5.35,0
135,17,1,Q,Rail,1,50.1,7.15,0
135,17,1,Q,Rail,2,33.7,4,0
135,17,1,Q,Rail,4,32.4,4.35,0
136,17,1,Q,Hill,1,42.6,5.95,0
136,17,1,Q,Hill,2,42.1,6.75,0
136,17,1,Q,Hill,3,32.6,4.4,0
136,17,1,Q,Hill,4,45,6.4,0
136,17,1,Q,Hill,5,39.6,6.5,0
136,17,1,Q,Hill,6,36,6.6,0
136,17,1,Q,Hill,8,34.4,6.15,0
136,17,1,O,Orchard,3,26.3,3.35,0
136,17,1,O,Orchard,6,38,6.35,0
136,17,1,Q,Rail,1,37.4,5,0
136,17,1,Q,Rail,4,38.5,4,0
137,12,10,R,Hill,1,28.4,3.85,0
137,12,10,R,Hill,4,35.7,6.3,0
137,12,10,R,Hill,5,36.9,5.3,0
137,12,10,R,Hill,6,37.2,6.3,0
137,12,10,R,Hill,7,33.8,5.4,0
137,12,10,R,Hill,8,26.5,5.5,0
137,12,10,R,Orchard,1,40.5,5.5,0
137,12,10,R,Orchard,2,34.1,5.25,0
137,12,10,R,Orchard,3,34,NA,1
137,12,10,R,Orchard,4,35.6,5.25,0
137,12,10,R,Orchard,5,32.6,5.6,0
137,12,10,R,Orchard,6,32.1,5,0
137,12,10,R,Orchard,7,32.9,5.15,0
137,12,10,R,Orchard,8,36.4,4.85,0
137,12,10,R,Rail,2,35.6,4.95,0
137,12,10,R,Rail,3,41,6.4,0
137,12,10,R,Rail,4,34.2,5.45,0
138,12,10,R,Hill,1,39.5,6.5,0
138,12,10,R,Hill,2,33,5.05,0
138,12,10,R,Hill,3,36.6,5.95,0
138,12,10,R,Hill,4,32,5.75,0
138,12,10,R,Hill,5,30.4,5.25,0
138,12,10,R,Hill,7,36.9,7.45,0
138,12,10,R,Hill,8,31.4,5.95,0
138,12,10,R,Orchard,1,23.8,3.6,0
138,12,10,R,Orchard,2,35.1,5,0
138,12,10,R,Orchard,3,36.5,5.95,0
138,12,10,R,Orchard,4,38.2,5.8,0
138,12,10,R,Orchard,5,38.9,5.6,0
138,12,10,R,Orchard,6,21.4,3.7,0
138,12,10,R,Orchard,7,44,6.25,0
138,12,10,R,Orchard,8,34.9,5.95,0
138,12,10,R,Rail,3,33.6,5.95,0
139,12,10,R,Hill,2,28,4.45,0
139,12,10,R,Hill,4,33.3,5,0
139,12,10,R,Hill,6,25.3,3.6,0
139,12,10,R,Hill,7,28.1,3.9,0
139,12,10,R,Hill,8,30.5,5.15,0
139,12,10,R,Orchard,1,35.3,5.15,0
139,12,10,R,Orchard,2,21.1,3,0
139,12,10,R,Orchard,3,26.3,3.5,0
139,12,10,R,Orchard,4,27.8,3.65,0
139,12,10,R,Orchard,5,31.96,3.05,0
139,12,10,R,Orchard,6,29.7,3.65,0
139,12,10,R,Orchard,7,32.6,6.35,0
139,12,10,R,Orchard,8,30.6,3.8,0
139,12,10,R,Rail,1,29.1,4.2,0
139,12,10,R,Rail,3,24.2,3.75,0
139,12,10,R,Rail,4,30.5,3.9,0
140,12,10,R,Hill,1,38.1,5.15,0
140,12,10,R,Hill,3,34.2,4.95,0
140,12,10,R,Hill,4,32.3,6.3,0
140,12,10,R,Hill,6,40.3,4.7,0
140,12,10,R,Hill,8,29.3,5.95,0
140,12,10,R,Orchard,1,38.8,6.4,0
140,12,10,R,Orchard,2,35.2,4.75,0
140,12,10,R,Orchard,3,34.1,6.2,0
140,12,10,R,Orchard,4,34.2,5.75,0
140,12,10,R,Orchard,5,39.44,6.05,0
140,12,10,R,Orchard,6,33.4,5.65,0
140,12,10,R,Orchard,7,28.1,5.2,0
140,12,10,R,Orchard,8,21.9,2.65,0
140,12,10,R,Rail,1,34.3,5,0
140,12,10,R,Rail,3,30.4,3.45,0
141,12,10,R,Hill,3,29.5,4.6,0
141,12,10,R,Hill,4,35.4,6.45,0
141,12,10,R,Hill,5,30.9,5.2,0
141,12,10,R,Hill,7,35.8,6.2,0
141,12,10,R,Hill,8,32.5,5.05,0
141,12,10,R,Orchard,1,31.4,4.7,0
141,12,10,R,Orchard,2,27.7,3.95,0
141,12,10,R,Orchard,3,27.9,5.65,0
141,12,10,R,Orchard,5,40.68,5.65,0
141,12,10,R,Orchard,6,27,3.95,0
141,12,10,R,Orchard,7,28.6,4.45,0
141,12,10,R,Rail,1,41.6,5.55,0
141,12,10,R,Rail,2,25.4,5.05,0
141,12,10,R,Rail,3,29.3,4.35,0
142,12,10,R,Hill,3,33.5,5.9,0
142,12,10,R,Hill,4,34.8,6.3,0
142,12,10,R,Hill,5,34.6,5.95,0
142,12,10,R,Hill,6,30.7,5.3,0
142,12,10,R,Hill,7,35,5.55,0
142,12,10,R,Hill,8,25.7,5.1,0
142,12,10,R,Orchard,1,36.9,4.5,0
142,12,10,R,Orchard,3,36,5.1,0
142,12,10,R,Orchard,4,36.5,6.45,0
142,12,10,R,Orchard,5,37,5.65,0
142,12,10,R,Orchard,6,34.3,NA,0
142,12,10,R,Orchard,7,33.5,5.7,0
142,12,10,R,Orchard,8,32.1,5.6,0
142,12,10,R,Rail,1,39,5.95,0
142,12,10,R,Rail,2,31.2,5.3,0
142,12,10,R,Rail,3,31.9,4.2,0
142,12,10,R,Rail,4,32.4,5.5,0
143,12,10,R,Hill,2,33.3,4.3,0
143,12,10,R,Hill,3,32.4,5.55,0
143,12,10,R,Hill,4,40.1,5.15,0
143,12,10,R,Hill,5,33.5,5.25,0
143,12,10,R,Hill,6,40.5,4.9,0
143,12,10,R,Orchard,2,39.2,6.05,0
143,12,10,R,Orchard,4,38,5.35,0
143,12,10,R,Orchard,5,32,3.45,0
143,12,10,R,Orchard,7,28.4,4.45,0
143,12,10,R,Orchard,8,30.3,5.1,0
143,12,10,R,Rail,1,40.5,6.15,0
143,12,10,R,Rail,4,41.6,6.9,0
144,12,10,R,Hill,1,47.5,7.35,0
144,12,10,R,Hill,2,36.8,5.85,0
144,12,10,R,Hill,3,40.6,7.8,0
144,12,10,R,Hill,4,43.8,6.5,0
144,12,10,R,Hill,5,37.1,6.05,0
144,12,10,R,Hill,6,35.3,6.55,0
144,12,10,R,Hill,7,38.7,5.95,0
144,12,10,R,Hill,8,31.1,6.8,0
144,12,10,R,Orchard,1,35.8,4.9,0
144,12,10,R,Orchard,2,35,5.4,0
144,12,10,R,Orchard,3,40.7,6.2,0
144,12,10,R,Orchard,4,41.2,5.85,0
144,12,10,R,Orchard,5,35.87,5.3,0
144,12,10,R,Orchard,6,36.3,4.05,0
144,12,10,R,Orchard,7,36.7,5.7,0
144,12,10,R,Orchard,8,33,4.6,0
144,12,10,R,Rail,1,40.4,6.2,0
144,12,10,R,Rail,2,44,7,0
144,12,10,R,Rail,3,33.6,5.8,0
144,12,10,R,Rail,4,36.8,4.85,0
145,12,10,R,Hill,1,35.4,5.45,0
145,12,10,R,Hill,3,29.3,4.7,0
145,12,10,R,Hill,4,38.8,6.95,0
145,12,10,R,Hill,5,32,5,0
145,12,10,R,Hill,6,29.9,4.55,0
145,12,10,R,Hill,7,33.2,5.3,0
145,12,10,R,Orchard,1,32.6,6.3,0
145,12,10,R,Orchard,2,31,5.05,0
145,12,10,R,Orchard,3,25.5,4.15,0
145,12,10,R,Orchard,4,31.2,5.5,0
145,12,10,R,Orchard,5,30.1,4.45,0
145,12,10,R,Orchard,6,32.9,4.95,0
145,12,10,R,Orchard,7,31.8,4.45,0
145,12,10,R,Orchard,8,46.4,5.15,0
145,12,10,R,Rail,2,30.2,5.7,0
146,12,10,R,Hill,1,42.9,6.75,0
146,12,10,R,Hill,2,36.7,5.95,0
146,12,10,R,Hill,3,35.1,6.05,0
146,12,10,R,Hill,4,31.9,6.3,1
146,12,10,R,Hill,5,38.9,6.6,0
146,12,10,R,Hill,5,38.5,6.35,0
146,12,10,R,Hill,6,36.3,6.75,0
146,12,10,R,Hill,7,33.4,4.75,0
146,12,10,R,Hill,7,36.8,6.4,0
146,12,10,R,Hill,8,28.3,4.9,0
146,12,10,R,Orchard,1,38.5,5.35,0
146,12,10,R,Orchard,1,35.1,4.7,0
146,12,10,R,Orchard,2,39.8,5.75,0
146,12,10,R,Orchard,3,41.7,6.55,0
146,12,10,R,Orchard,4,34.4,4.55,0
146,12,10,R,Orchard,4,34.2,5.3,0
146,12,10,R,Orchard,5,41.64,5.55,0
146,12,10,R,Orchard,5,32.9,3.55,0
146,12,10,R,Orchard,6,35.3,4.8,0
146,12,10,R,Orchard,6,35.8,5.35,0
146,12,10,R,Orchard,7,28.6,4.5,0
146,12,10,R,Orchard,7,28.6,NA,1
146,12,10,R,Orchard,8,32.8,5.35,0
146,12,10,R,Rail,1,32.9,5.85,0
146,12,10,R,Rail,1,37.4,5.25,0
146,12,10,R,Rail,2,39.1,4.5,0
146,12,10,R,Rail,3,37.1,5.85,1
146,12,10,R,Rail,3,41.1,6.9,0
146,12,10,R,Rail,4,33.4,5.65,0
146,12,10,R,Rail,4,36.8,6.5,1
147,12,10,R,Hill,1,37.3,5.75,0
147,12,10,R,Hill,2,41.2,6.5,0
147,12,10,R,Hill,3,39.6,5.4,0
147,12,10,R,Hill,4,44,7.2,0
147,12,10,R,Hill,6,31.5,5.4,0
147,12,10,R,Hill,7,36.4,6.3,0
147,12,10,R,Hill,8,39.8,6.6,0
147,12,10,R,Orchard,1,36.2,4.85,0
147,12,10,R,Orchard,2,37.4,5.15,0
147,12,10,R,Orchard,3,36.4,5,0
147,12,10,R,Orchard,4,29.2,2.55,0
147,12,10,R,Orchard,5,35.5,4.3,0
147,12,10,R,Orchard,6,32.4,3.85,0
147,12,10,R,Orchard,7,39,5.05,0
147,12,10,R,Orchard,8,32.8,6.1,0
147,12,10,R,Rail,3,41,6.75,0
148,12,10,R,Hill,1,32.5,3.7,0
148,12,10,R,Hill,2,34.2,5.8,0
148,12,10,R,Hill,3,35.1,6.2,0
148,12,10,R,Hill,4,33.8,5.85,0
148,12,10,R,Hill,6,25.6,4.4,0
148,12,10,R,Hill,7,36.4,5.35,0
148,12,10,R,Hill,8,27.2,4.65,0
148,12,10,R,Orchard,1,34.4,4.05,0
148,12,10,R,Orchard,2,32.2,4.1,0
148,12,10,R,Orchard,3,32.6,4.45,1
148,12,10,R,Orchard,4,41,6.25,0
148,12,10,R,Orchard,5,37.6,5.75,0
148,12,10,R,Orchard,6,34.9,5.45,0
148,12,10,R,Orchard,7,33.2,5.3,0
148,12,10,R,Orchard,8,37.5,5.95,0
148,12,10,R,Rail,1,36.2,5.25,0
148,12,10,R,Rail,2,37.8,5.6,0
148,12,10,R,Rail,3,34.4,5.05,0
148,12,10,R,Rail,4,34.4,5.45,0
149,12,10,R,Hill,2,37.2,6.35,0
149,12,10,R,Hill,3,32.3,5.05,0
149,12,10,R,Hill,4,35.8,7,0
149,12,10,R,Orchard,2,33,5.25,0
149,12,10,R,Orchard,3,38.2,5.05,0
149,12,10,R,Orchard,4,36.8,4.95,0
149,12,10,R,Orchard,5,36.6,5.6,0
149,12,10,R,Orchard,8,26.6,5.2,0
149,12,10,R,Rail,2,32.5,5.3,0
149,12,10,R,Rail,3,41.2,6.45,0
149,12,10,R,Rail,4,33.4,5.05,0
150,12,10,R,Hill,2,39.5,6.2,0
150,12,10,R,Hill,3,36.4,6.35,0
150,12,10,R,Hill,4,39.1,7.05,0
150,12,10,R,Hill,5,39.1,6.25,0
150,12,10,R,Hill,6,36,6.4,0
150,12,10,R,Hill,7,32.9,6.1,0
150,12,10,R,Hill,8,30.9,4.8,NA
150,12,10,R,Orchard,1,36,6.2,0
150,12,10,R,Orchard,2,39.8,5.45,0
150,12,10,R,Orchard,3,33.3,4.35,0
150,12,10,R,Orchard,4,36,5.4,0
150,12,10,R,Orchard,5,39.21,6.05,0
150,12,10,R,Orchard,6,31.9,4.15,0
150,12,10,R,Orchard,7,31.6,6.45,0
150,12,10,R,Orchard,8,33.8,6.1,0
150,12,10,R,Rail,1,32.6,5.45,0
150,12,10,R,Rail,2,34.9,5.75,0
150,12,10,R,Rail,3,38.7,5.4,0
150,12,10,R,Rail,4,34,5.55,0
151,12,10,R,Hill,1,38.1,5.1,0
151,12,10,R,Hill,5,41.3,6.05,0
151,12,10,R,Hill,6,35.5,5.55,0
151,12,10,R,Hill,7,35.7,6.55,0
151,12,10,R,Hill,8,33.1,4.8,0
151,12,10,R,Orchard,1,34.2,6.45,0
151,12,10,R,Orchard,6,33.7,4.35,0
151,12,10,R,Orchard,7,38.4,6.2,0
152,12,10,R,Hill,6,32.8,5.45,0
152,12,10,R,Orchard,2,29.6,3.8,0
152,12,10,R,Orchard,3,37.1,5.65,0
152,12,10,R,Orchard,8,32.8,4.3,0
152,12,10,R,Rail,2,32.3,5.2,0
153,12,10,R,Hill,2,39.6,7.7,0
153,12,10,R,Hill,3,30.7,5.45,0
153,12,10,R,Hill,4,34.4,5.2,0
153,12,10,R,Hill,5,30.6,4.6,0
153,12,10,R,Hill,6,35.2,7.1,0
153,12,10,R,Hill,8,34.3,7.45,1
153,12,10,R,Orchard,1,32,4.75,0
153,12,10,R,Orchard,2,23.3,2.6,1
153,12,10,R,Orchard,5,34.6,6.4,0
153,12,10,R,Orchard,8,31.2,5.4,0
153,12,10,R,Rail,1,42.1,6.75,0
153,12,10,R,Rail,2,33.8,4.6,0
153,12,10,R,Rail,3,36.7,6.55,0
